lat,lon,time,H1000,H850,PBLTOP,PS,SLP,T10M,T2M,T2MDEW,T850,TS,U10M,U2M,U50M,V10M,V2M,V50M
48.0,5.0,2014-01-02 00:30:00,20.685482,1354.3416,93211.16,96458.53,100246.67,280.02502,279.79474,278.77875,276.26978,279.2811,1.5999506,1.1032233,2.621348,10.742652,7.406332,14.370649
48.0,5.0,2014-01-02 01:30:00,16.85877,1349.7764,93166.45,96416.555,100200.93,279.85663,279.66052,278.71542,276.0534,279.20667,1.9104412,1.318999,2.9242063,10.954296,7.5629416,14.42797
48.0,5.0,2014-01-02 02:30:00,12.448971,1345.7848,93117.06,96368.39,100148.195,279.86563,279.67557,278.71304,276.06635,279.27545,2.2711048,1.5681646,3.3849826,10.744093,7.4177833,14.078524
48.0,5.0,2014-01-02 03:30:00,10.354322,1343.9996,90394.25,96343.2,100123.28,280.1741,279.96588,278.84958,276.10507,279.54578,2.930562,2.0221581,4.424261,10.514368,7.255216,13.959464
48.0,5.0,2014-01-02 04:30:00,15.043798,1346.9076,88095.58,96380.12,100180.016,280.37833,280.15762,278.9829,275.73972,279.6614,4.3677235,3.011378,6.3276567,9.724787,6.7061152,12.91302
48.0,5.0,2014-01-02 05:30:00,22.32891,1352.6167,86908.34,96447.04,100268.53,280.2719,280.05295,279.04868,274.9572,279.55765,4.881173,3.3601928,7.0591745,8.412746,5.793174,11.290243
48.0,5.0,2014-01-02 06:30:00,26.840792,1356.4857,87757.55,96494.63,100323.69,280.26746,280.0087,279.11957,274.31293,279.41782,5.1711693,3.5506282,7.4800587,7.8282876,5.376106,10.50864
48.0,5.0,2014-01-02 07:30:00,30.597769,1359.3726,90337.56,96537.18,100369.43,280.1087,279.7753,279.06177,273.6831,279.02414,5.0859766,3.4660118,7.51789,6.6022387,4.5010347,9.105333
48.0,5.0,2014-01-02 08:30:00,36.512993,1363.4518,87981.34,96599.125,100441.26,280.3892,280.14886,279.19327,273.36954,279.74365,5.7263274,3.9270077,8.351878,6.242467,4.2799864,8.457674
48.0,5.0,2014-01-02 09:30:00,42.52223,1368.0094,89423.65,96671.58,100514.05,280.67896,280.58386,279.39465,273.1258,280.45215,6.613909,4.5755434,9.019898,5.69296,3.9374256,7.3599586
48.0,5.0,2014-01-02 10:30:00,47.695724,1374.2473,90883.81,96734.48,100576.69,281.26428,281.24118,279.80927,273.42188,281.30457,6.3226094,4.3913198,8.503443,4.8554487,3.3723073,6.1544037
48.0,5.0,2014-01-02 11:30:00,50.165928,1378.3708,89710.25,96764.21,100606.375,282.10733,282.1468,280.01874,274.0874,282.3551,6.713272,4.6815815,8.940217,4.3631115,3.0416238,5.465122
48.0,5.0,2014-01-02 12:30:00,52.71786,1381.8838,87538.51,96791.42,100636.97,282.52832,282.55676,279.86432,274.1561,282.6399,6.4015794,4.4625006,8.421431,4.044455,2.8194451,5.1366353
48.0,5.0,2014-01-02 13:30:00,56.19964,1385.7173,91421.336,96835.02,100679.4,282.5102,282.43677,279.92126,274.17334,282.19678,5.5463142,3.8363166,7.4896226,3.7221043,2.5735617,4.9055495
48.0,5.0,2014-01-02 14:30:00,63.30912,1392.2592,91353.56,96911.75,100766.4,282.07364,281.86072,279.95886,274.20486,281.27997,4.832807,3.2836933,7.134255,3.3414922,2.270812,4.808091
48.0,5.0,2014-01-02 15:30:00,70.02996,1398.1497,90581.39,96992.98,100848.92,281.21832,280.8396,279.5241,274.03644,279.94147,4.120525,2.7093158,7.015684,2.8618236,1.8802981,4.7281456
48.0,5.0,2014-01-02 16:30:00,75.635506,1403.0156,89012.16,97056.18,100917.3,280.34097,279.8692,279.09625,273.77347,278.98145,3.557123,2.2790663,6.543392,2.8506794,1.8230244,5.141063
48.0,5.0,2014-01-02 17:30:00,77.83795,1405.5848,93530.92,97085.77,100943.17,279.2948,278.70148,278.72968,273.7193,277.60452,2.6815786,1.6625457,5.3243055,3.1555643,1.9383507,6.2112026
48.0,5.0,2014-01-02 18:30:00,77.1066,1406.0774,86072.67,97080.41,100932.36,278.70874,278.0947,278.5966,273.83813,277.07556,2.0309098,1.2630576,4.119265,3.872817,2.4018843,7.588887
48.0,5.0,2014-01-02 19:30:00,75.33228,1405.735,95417.41,97067.2,100909.27,278.85248,278.34158,278.5847,274.0871,277.43854,1.8017966,1.1595674,3.231781,4.581629,2.9431372,8.094863
48.0,5.0,2014-01-02 20:30:00,76.05924,1407.4596,95176.1,97073.52,100917.18,278.58154,278.1004,278.3762,274.37482,277.29648,1.4277931,0.9223435,2.5993094,4.5903845,2.9498792,8.080661
48.0,5.0,2014-01-02 21:30:00,77.99983,1409.4082,94502.3,97097.16,100941.375,278.7577,278.35596,278.2132,274.51807,277.6393,1.8169003,1.1943954,3.0922036,4.927349,3.239277,8.005534
48.0,5.0,2014-01-02 22:30:00,79.18293,1410.211,94917.43,97111.2,100955.66,278.6329,278.27264,277.82773,274.5009,277.586,1.8307725,1.2120792,3.1359708,4.967035,3.2886755,7.854045
48.0,5.0,2014-01-02 23:30:00,76.34248,1408.2783,96363.14,97088.67,100918.234,277.9923,277.63617,277.1952,274.59946,276.9173,1.0778613,0.7092155,1.887411,4.5980864,3.0140338,7.527147
48.0,5.625,2014-01-02 00:30:00,33.17767,1364.9353,93563.16,96234.53,100396.36,279.7008,279.48224,278.73187,275.7893,279.0233,2.1385248,1.4726081,3.230723,10.375464,7.1446133,13.808149
48.0,5.625,2014-01-02 01:30:00,28.100958,1359.5107,93518.45,96184.555,100335.44,279.74725,279.54333,278.8326,275.60028,279.09924,2.3855388,1.6446826,3.4007688,10.841015,7.473098,14.220939
48.0,5.625,2014-01-02 02:30:00,23.296627,1354.3629,93069.06,96128.39,100277.86,279.62735,279.4529,278.8146,275.37494,279.0528,2.6016712,1.7954595,3.6193576,11.025343,7.6091895,14.324617
48.0,5.625,2014-01-02 03:30:00,19.32112,1351.0465,90426.25,96087.2,100230.33,279.6077,279.44635,278.8027,275.52304,279.10242,2.876851,1.9860252,4.0307064,11.182337,7.722013,14.623527
48.0,5.625,2014-01-02 04:30:00,20.203955,1352.0326,89519.58,96092.12,100241.18,279.93692,279.75137,278.9751,275.5483,279.3704,3.6050282,2.4874523,4.974141,10.818537,7.4639277,14.217708
48.0,5.625,2014-01-02 05:30:00,26.282036,1356.4917,85596.34,96143.04,100315.34,280.0688,279.86935,279.04868,275.2209,279.42093,4.6770716,3.223474,6.6392527,9.467434,6.5236425,12.665243
48.0,5.625,2014-01-02 06:30:00,33.05954,1361.8763,86989.55,96198.63,100398.56,280.00183,279.79385,278.97113,274.6313,279.3221,5.680935,3.9129329,7.8374805,8.597818,5.922981,11.387547
48.0,5.625,2014-01-02 07:30:00,36.72277,1364.7788,90961.56,96241.18,100443.49,279.847,279.62686,278.97583,273.8335,279.13547,4.708047,3.228707,6.6038275,7.344426,5.038144,9.82799
48.0,5.625,2014-01-02 08:30:00,41.012993,1368.7174,87437.34,96287.125,100495.695,280.16263,279.96136,279.1542,273.42227,279.61475,4.8376555,3.3205624,7.0471907,6.916295,4.7467833,9.223299
48.0,5.625,2014-01-02 09:30:00,45.17848,1372.3063,87439.65,96335.58,100545.92,280.8977,280.7909,279.53528,273.37775,280.68262,5.760393,3.9808168,8.023805,6.351163,4.384691,8.184177
48.0,5.625,2014-01-02 10:30:00,49.914474,1376.9504,87779.81,96390.48,100603.44,281.36584,281.33493,279.74677,273.4668,281.33777,6.1858907,4.2897573,8.444849,5.5839643,3.8723073,7.0723724
48.0,5.625,2014-01-02 11:30:00,52.415928,1380.2771,88494.25,96420.21,100634.0,281.86905,281.846,279.8,273.9253,281.8473,6.5199127,4.5253315,8.7761545,4.935377,3.4234598,6.2639503
48.0,5.625,2014-01-02 12:30:00,55.31161,1383.915,87810.51,96455.42,100668.97,282.2002,282.18567,279.81744,274.00375,282.19263,6.3136888,4.3863287,8.390181,4.3452363,3.0167108,5.5272603
48.0,5.625,2014-01-02 13:30:00,58.340263,1387.7798,91421.336,96491.02,100705.4,282.22504,282.12036,279.9994,274.0874,281.82568,5.1888924,3.5726447,7.140013,3.8080418,2.61946,5.0793777
48.0,5.625,2014-01-02 14:30:00,64.21537,1393.6654,92249.56,96559.75,100777.15,281.8666,281.64197,280.06824,274.14627,281.0417,4.45976,3.0161152,6.6752706,3.4586797,2.3372183,5.0659037
48.0,5.625,2014-01-02 15:30:00,71.09246,1399.7747,93061.39,96632.98,100861.17,281.0074,280.63647,279.72723,274.10968,279.7657,3.8617358,2.5354877,6.5391216,3.0610423,2.0062747,5.075802
48.0,5.625,2014-01-02 16:30:00,76.979256,1405.0781,89524.16,96704.18,100933.3,280.20425,279.75592,279.28375,274.01956,278.8916,3.548334,2.2810194,6.476986,2.898531,1.8562275,5.20161
48.0,5.625,2014-01-02 17:30:00,81.1192,1408.8348,91130.92,96749.77,100984.17,279.51355,279.01788,278.90936,273.77203,278.085,3.140563,1.9906707,5.93954,3.07158,1.9373741,5.7053432
48.0,5.625,2014-01-02 18:30:00,81.82535,1410.2024,95208.67,96768.41,100990.86,278.65405,278.0947,278.50284,273.7229,277.0912,2.3570817,1.4647177,4.5870385,3.4900045,2.1606734,6.713887
48.0,5.625,2014-01-02 19:30:00,80.48853,1409.985,95913.41,96755.2,100973.27,278.45013,278.00565,278.31125,273.883,277.29205,1.8345114,1.1793427,3.1809998,4.210535,2.6941137,7.282363
48.0,5.625,2014-01-02 20:30:00,80.52799,1411.0846,95896.1,96761.52,100972.68,278.37842,278.0926,278.17307,274.17755,277.6246,1.4568459,0.968261,2.3141532,4.502494,2.9655042,7.2017546
48.0,5.625,2014-01-02 21:30:00,82.24983,1413.0957,96054.3,96777.16,100993.375,278.203,278.02783,277.95538,274.36377,277.6862,1.4677181,0.9954971,2.1366372,4.675396,3.145527,6.8883467
48.0,5.625,2014-01-02 22:30:00,84.37043,1414.461,96037.43,96799.2,101019.16,277.89462,277.8,277.60898,274.32608,277.5821,1.4559175,0.9977237,2.0884855,4.8244567,3.2984412,6.605998
48.0,5.625,2014-01-02 23:30:00,83.27998,1413.4033,95835.14,96792.67,101004.734,277.50012,277.45258,277.203,274.3387,277.3255,1.1105762,0.7647575,1.6013392,4.8344145,3.3333697,6.3806624
48.5,5.0,2014-01-02 00:30:00,8.729916,1341.2634,92139.16,97386.53,100104.05,280.81018,280.53302,278.9428,276.14868,279.86508,1.5750482,1.0938239,2.698008,10.547339,7.3223476,14.198774
48.5,5.0,2014-01-02 01:30:00,4.2347474,1336.1514,91390.45,97336.555,100050.44,280.56366,280.3324,278.8951,276.13153,279.7594,1.918742,1.3353565,3.1468625,10.872265,7.566848,14.424064
48.5,5.0,2014-01-02 02:30:00,-0.85181,1331.7301,90829.06,97288.39,99989.89,280.55313,280.3279,278.82242,276.31635,279.80865,2.4908314,1.7344244,3.93967,10.89253,7.585752,14.42618
48.5,5.0,2014-01-02 03:30:00,-2.0148187,1330.1481,86666.25,97263.2,99976.0,280.90067,280.64948,278.93552,276.191,280.0819,3.774312,2.6271386,5.8383236,10.713587,7.456388,14.303214
48.5,5.0,2014-01-02 04:30:00,3.3592286,1334.2279,82783.58,97308.12,100040.39,281.18692,280.93106,279.13916,275.51315,280.31473,5.9194813,4.1188,8.6050005,9.857599,6.858459,12.948176
48.5,5.0,2014-01-02 05:30:00,8.364068,1338.9136,88124.34,97359.04,100100.625,281.18988,280.92404,279.41586,274.54315,280.27835,5.740548,3.9861693,8.229096,8.682278,6.027549,11.520712
48.5,5.0,2014-01-02 06:30:00,11.661104,1341.6498,86685.55,97398.63,100140.516,281.00964,280.70792,279.58832,274.4223,279.9686,4.8088646,3.3240657,7.06209,7.99235,5.5245433,10.700047
48.5,5.0,2014-01-02 07:30:00,17.379019,1346.2163,87537.56,97457.18,100209.89,280.99933,280.6464,279.59302,274.0542,279.8347,5.174844,3.5607383,7.70539,7.0534105,4.8545504,9.687365
48.5,5.0,2014-01-02 08:30:00,23.278618,1349.8424,90925.34,97527.125,100281.51,281.0806,280.81683,279.61514,273.51797,280.28662,5.5251555,3.816656,7.9788313,6.478795,4.475299,8.746737
48.5,5.0,2014-01-02 09:30:00,30.553478,1354.525,93087.65,97607.58,100370.17,280.94458,280.83777,279.53528,273.17267,280.57715,6.416643,4.4730043,8.668336,5.97421,4.163988,7.6880836
48.5,5.0,2014-01-02 10:30:00,36.7426,1361.1067,93667.81,97686.48,100444.94,280.8932,280.874,279.81708,273.00586,280.86902,5.724953,4.0055776,7.5952396,5.1484175,3.600823,6.468857
48.5,5.0,2014-01-02 11:30:00,39.947178,1365.9177,91422.25,97724.21,100483.25,281.70108,281.721,280.0656,273.1831,281.87073,6.2816315,4.4042377,8.4167795,4.449049,3.1207254,5.5784035
48.5,5.0,2014-01-02 12:30:00,42.37411,1369.79,91234.51,97759.42,100511.97,282.40723,282.3966,280.02838,273.44907,282.3938,6.30197,4.409766,8.392134,3.9643772,2.7745233,5.040932
48.5,5.0,2014-01-02 13:30:00,46.10589,1374.4985,92717.336,97803.02,100556.9,282.6391,282.55005,280.05408,273.91553,282.29443,5.5677986,3.8714728,7.540404,3.6967137,2.570632,4.882112
48.5,5.0,2014-01-02 14:30:00,53.40287,1381.4467,93145.56,97879.75,100646.4,282.32364,282.07556,280.06042,273.92947,281.38153,4.9011664,3.3413105,7.321755,3.2575078,2.2210073,4.712388
48.5,5.0,2014-01-02 15:30:00,60.561207,1387.5872,90757.39,97968.98,100734.17,281.36285,280.92163,279.6491,273.65265,279.87115,4.1615405,2.7298236,7.339903,2.7260814,1.7885013,4.62463
48.5,5.0,2014-01-02 16:30:00,66.323006,1392.4531,89092.16,98032.18,100804.3,280.82144,280.3731,279.23688,273.45218,279.52637,3.8911073,2.5437148,6.916439,2.9375935,1.9206806,5.027782
48.5,5.0,2014-01-02 17:30:00,68.15045,1394.1161,88938.92,98061.77,100825.67,280.39246,279.9632,278.95624,273.565,279.11038,2.9335318,1.9101043,5.2735243,3.5344706,2.3006554,6.168234
48.5,5.0,2014-01-02 18:30:00,67.9191,1394.8274,96632.67,98056.41,100821.11,279.41187,278.8564,278.55753,273.82642,277.7279,1.7125504,1.0834922,3.3419213,3.9919577,2.5220015,7.604512
48.5,5.0,2014-01-02 19:30:00,67.55103,1395.7662,97321.41,98059.2,100816.27,278.69232,278.08377,278.43625,273.92792,276.96783,1.0016714,0.6303925,1.9493103,4.3609257,2.744895,8.403457
48.5,5.0,2014-01-02 20:30:00,68.34049,1397.8971,97336.1,98065.52,100825.18,278.562,278.01447,278.46994,274.0291,277.0582,0.55901873,0.35809255,1.0949148,4.7017126,3.0143323,8.553317
48.5,5.0,2014-01-02 21:30:00,69.12483,1399.3457,97334.3,98073.16,100834.875,278.83972,278.3872,278.54132,274.1577,277.60025,0.79468346,0.5214828,1.4580485,4.9820366,3.2685738,8.337565
48.5,5.0,2014-01-02 22:30:00,69.77668,1400.1486,95605.43,98087.2,100843.16,279.16415,278.77655,278.58554,274.26065,278.0938,1.156334,0.76902497,2.1348722,5.185785,3.4488318,8.311076
48.5,5.0,2014-01-02 23:30:00,67.71748,1398.4033,92619.14,98064.67,100816.234,279.96887,279.56586,278.703,274.3768,278.8001,1.4597278,0.9745964,2.746664,5.4594145,3.6458697,8.65996
48.5,5.625,2014-01-02 00:30:00,22.455013,1354.0759,94571.16,96426.53,100268.016,279.30627,279.11505,278.41937,276.00806,278.70883,1.9974115,1.378614,2.9797463,10.266089,7.0879726,13.702681
48.5,5.625,2014-01-02 01:30:00,16.823614,1347.9951,94350.45,96368.555,100200.664,279.3957,279.2113,278.53574,275.7995,278.81018,2.3064373,1.593169,3.3548703,10.485546,7.242629,13.951407
48.5,5.625,2014-01-02 02:30:00,10.577877,1341.6207,93965.06,96296.39,100125.99,279.37735,279.2029,278.50992,275.64056,278.8155,2.5738392,1.7793462,3.6828341,10.701124,7.398252,14.148836
48.5,5.625,2014-01-02 03:30:00,6.0115485,1337.6871,92042.25,96247.2,100071.5,279.50613,279.33307,278.59177,275.67538,278.97644,3.1600542,2.1857324,4.604925,10.779993,7.4524817,14.303214
48.5,5.625,2014-01-02 04:30:00,8.356298,1339.4232,91391.58,96260.12,100099.766,279.8002,279.62637,278.8579,275.52097,279.2571,4.4927235,3.1070812,6.2300005,10.381037,7.1787715,13.690364
48.5,5.625,2014-01-02 05:30:00,15.567193,1345.0542,88396.34,96319.04,100187.234,280.0141,279.81857,279.0018,275.133,279.39163,5.3909388,3.7224975,7.578706,9.260403,6.3966894,12.344931
48.5,5.625,2014-01-02 06:30:00,20.723604,1349.7513,93213.55,96374.63,100249.91,280.0995,279.87198,279.018,274.43207,279.35336,5.807888,4.0018,7.796465,8.355631,5.7589183,11.000828
48.5,5.625,2014-01-02 07:30:00,24.136831,1352.4038,93681.56,96409.18,100291.43,279.95245,279.69327,279.00708,273.78857,279.10422,4.7822657,3.282418,6.6194525,7.5709887,5.196347,10.277208
48.5,5.625,2014-01-02 08:30:00,29.497368,1356.6237,92061.34,96463.125,100356.76,280.10794,279.91058,279.13858,273.42227,279.57178,4.7194915,3.2473202,6.596019,7.1858263,4.944049,9.645174
48.5,5.625,2014-01-02 09:30:00,34.319103,1360.2281,88415.65,96519.58,100415.36,280.78052,280.6776,279.4259,273.25665,280.55762,6.2838306,4.3499575,8.498414,6.7535067,4.6737537,8.832615
48.5,5.625,2014-01-02 10:30:00,40.96135,1366.0286,91395.81,96598.48,100495.81,280.85413,280.84274,279.50458,273.11523,280.83777,6.9007344,4.796593,9.060083,5.7402143,3.9894948,7.3047943
48.5,5.625,2014-01-02 11:30:00,44.384678,1370.1833,90494.25,96644.21,100537.0,281.12686,281.1624,279.6125,273.3003,281.30237,7.084366,4.9354877,9.303498,4.7361584,3.300413,5.959263
48.5,5.625,2014-01-02 12:30:00,47.56161,1374.54,89074.51,96679.42,100575.22,281.8291,281.8849,279.58307,273.61313,282.09302,7.053923,4.923438,9.226118,4.073752,2.8428826,5.144448
48.5,5.625,2014-01-02 13:30:00,51.902763,1380.0298,91277.336,96731.02,100627.65,282.12738,282.0774,279.54626,273.8667,281.9077,6.0502205,4.194715,8.054076,3.749448,2.5989523,4.927034
48.5,5.625,2014-01-02 14:30:00,58.605995,1387.1029,92793.56,96807.75,100708.9,281.71426,281.4662,279.65417,274.06326,280.77216,4.8874946,3.309084,7.272927,3.3180547,2.2473745,4.884263
48.5,5.625,2014-01-02 15:30:00,65.81121,1393.4622,91493.39,96888.98,100797.17,280.6402,280.19507,279.3366,273.9583,279.1524,4.1810718,2.7278705,7.2695904,2.9419017,1.9203372,5.0582237
48.5,5.625,2014-01-02 16:30:00,71.760506,1398.5469,89940.16,96960.18,100870.05,280.1769,279.7442,279.0572,273.81155,278.9619,4.379389,2.8776991,7.4066734,3.1387653,2.062282,5.2094226
48.5,5.625,2014-01-02 17:30:00,75.6817,1401.5223,89594.92,97005.77,100918.17,279.88855,279.51007,278.83905,273.524,278.75687,3.9735708,2.6239715,6.5547743,3.495408,2.3065147,5.6916714
48.5,5.625,2014-01-02 18:30:00,76.82535,1402.6711,89368.67,97024.41,100930.86,279.5017,279.13376,278.6044,273.4934,278.40173,3.1959488,2.110714,5.311648,4.087661,2.6958296,6.647481
48.5,5.625,2014-01-02 19:30:00,76.89478,1403.7975,94185.41,97027.2,100930.27,278.62982,278.1697,278.23312,273.5832,277.16315,2.2302632,1.4459443,3.9168396,4.3120975,2.7878637,7.536269
48.5,5.625,2014-01-02 20:30:00,77.68424,1405.9596,96168.1,97041.52,100939.18,278.1792,277.83087,277.99338,273.70197,277.19882,1.6837746,1.1124871,2.7282157,4.9810095,3.2955823,7.9790983
48.5,5.625,2014-01-02 21:30:00,78.28108,1407.5332,96326.3,97049.16,100945.875,278.02722,277.8794,277.80695,273.9702,277.6393,1.6558895,1.1318954,2.309977,5.579693,3.8076363,7.724284
48.5,5.625,2014-01-02 22:30:00,79.37043,1408.461,95685.43,97063.2,100959.16,278.03134,277.97186,277.72617,274.2128,277.9063,1.8974229,1.3122379,2.6699064,5.7736754,3.9859412,7.61967
48.5,5.625,2014-01-02 23:30:00,79.27998,1407.9658,95979.14,97064.67,100957.734,278.02747,277.9721,277.67175,274.3143,277.80792,1.8033252,1.2469047,2.4607754,5.783633,3.9974322,7.6326156
48.0,5.0,2014-01-01 00:30:00,107.56455,1427.4036,93856.84,97438.414,101304.84,276.93365,276.7397,276.13486,273.64514,276.32974,3.9291534,2.680465,5.6631136,5.2762537,3.5961556,7.348831
48.0,5.0,2014-01-01 01:30:00,109.16565,1428.7266,95636.16,97451.72,101325.67,276.89523,276.69107,276.29553,273.25455,276.25146,3.1005719,2.1021478,4.600453,4.9211426,3.333961,6.9717402
48.0,5.0,2014-01-01 02:30:00,110.37683,1429.2582,93856.414,97462.7,101341.75,276.94818,276.73297,276.43323,273.04254,276.30417,3.21897,2.172796,4.963976,4.53132,3.0597343,6.5836563
48.0,5.0,2014-01-01 03:30:00,110.96676,1428.6882,92500.72,97468.27,101351.19,277.16788,276.95184,276.68436,272.77066,276.5351,3.147089,2.1188607,4.8895373,4.2358875,2.8521879,6.2283773
48.0,5.0,2014-01-01 04:30:00,111.99525,1428.448,93715.625,97477.79,101364.67,277.29178,277.08203,276.82794,272.48907,276.6581,2.7856383,1.8696142,4.3647504,4.0553474,2.7223716,6.0620484
48.0,5.0,2014-01-01 05:30:00,112.78196,1428.048,95685.55,97488.83,101375.69,277.1999,276.98422,276.7544,272.44266,276.533,2.0510464,1.3672482,3.2904944,4.020481,2.6783545,6.188294
48.0,5.0,2014-01-01 06:30:00,113.47034,1428.0182,94118.7,97491.76,101385.43,277.1479,276.94186,276.6419,272.55478,276.53363,1.5130574,1.0126822,2.4786167,4.353152,2.9102306,6.6575575
48.0,5.0,2014-01-01 07:30:00,113.198975,1427.6505,91410.11,97485.66,101382.734,277.2138,277.03174,276.598,272.56998,276.68546,1.2496234,0.84445935,2.0651712,4.9363995,3.3348093,7.2533956
48.0,5.0,2014-01-01 08:30:00,112.70684,1428.2053,92789.14,97481.734,101376.7,277.4428,277.3364,276.6891,272.64163,277.1743,0.65575933,0.4494819,1.1276522,5.413662,3.7095642,7.426802
48.0,5.0,2014-01-01 09:30:00,108.29377,1426.56,93208.45,97428.125,101321.78,277.71704,277.68503,276.81152,272.97754,277.6925,-0.0990158,-0.06840007,0.14898503,5.6410627,3.9078538,7.387542
48.0,5.0,2014-01-01 10:30:00,103.268005,1424.8423,95724.16,97372.5,101259.85,278.08755,278.13724,277.13037,273.46185,278.34375,-0.5601571,-0.3915375,-0.5168369,5.689184,3.978126,6.970748
48.0,5.0,2014-01-01 11:30:00,97.52935,1421.9072,93696.04,97306.01,101188.47,279.07764,279.24994,277.6911,273.91232,279.88513,-0.05873263,-0.041727006,0.20807385,6.5894723,4.647727,8.119319
48.0,5.0,2014-01-01 12:30:00,90.78265,1417.4042,94736.766,97228.83,101103.94,280.00934,280.15265,278.19626,274.3978,280.576,0.1555376,0.10923532,0.42946023,6.8023343,4.7847323,8.389473
48.0,5.0,2014-01-01 13:30:00,83.81656,1412.3589,92559.47,97150.125,101016.97,280.38626,280.375,278.49936,274.8797,280.2823,-0.10506481,-0.07160252,0.11913967,6.645672,4.6143103,8.637644
48.0,5.0,2014-01-01 14:30:00,79.12008,1409.1477,93906.84,97100.25,100957.875,280.1181,279.9392,278.57465,275.16608,279.4347,-0.7498455,-0.5121827,-0.77478826,6.529463,4.4643703,9.136925
48.0,5.0,2014-01-01 15:30:00,74.727585,1406.3036,94856.34,97057.1,100903.266,279.69897,279.42212,278.5116,275.39215,278.75275,-1.125716,-0.7656517,-1.3106515,6.9955,4.755227,10.014493
48.0,5.0,2014-01-01 16:30:00,68.24256,1401.3865,94497.85,96984.58,100823.234,279.47964,279.21124,278.46268,275.65076,278.6601,-1.4039382,-0.95876956,-1.6111541,7.741151,5.285526,10.879478
48.0,5.0,2014-01-01 17:30:00,60.337864,1394.57,95381.58,96894.73,100726.15,279.35446,279.12335,278.28073,275.95502,278.5906,-1.3499087,-0.926154,-1.4446111,8.427392,5.78033,11.486836
48.0,5.0,2014-01-01 18:30:00,52.94667,1387.6978,95303.34,96813.67,100636.22,279.16806,278.94006,277.97913,276.27252,278.41522,-1.0577295,-0.72627014,-1.0188988,8.785752,6.0319214,11.944843
48.0,5.0,2014-01-01 19:30:00,45.8215,1381.149,94843.33,96737.89,100549.73,279.15744,278.91675,277.8106,276.39136,278.411,-0.8269193,-0.56833017,-0.647931,9.095628,6.2492113,12.417085
48.0,5.0,2014-01-01 20:30:00,39.301315,1375.5137,94378.2,96668.68,100470.55,279.3562,279.09457,277.86432,276.52704,278.52917,-0.349051,-0.23932847,0.053446233,9.371536,6.4334455,12.829649
48.0,5.0,2014-01-01 21:30:00,34.376076,1370.1633,94303.266,96611.6,100410.875,279.47937,279.2347,278.0384,276.41046,278.70993,0.08638176,0.05974883,0.66579,9.55507,6.566369,13.037901
48.0,5.0,2014-01-01 22:30:00,31.101477,1365.8629,92940.78,96580.18,100371.32,279.6478,279.4107,278.2987,276.3048,278.91962,0.98845446,0.68055785,1.9235942,10.105437,6.955668,13.649446
48.0,5.0,2014-01-01 23:30:00,26.445946,1360.6985,93067.27,96522.42,100315.59,279.96234,279.7161,278.62326,276.36896,279.1967,1.5390418,1.0600035,2.5781767,10.425262,7.179117,13.978599
48.0,5.625,2014-01-01 00:30:00,111.62705,1431.1536,89376.84,97118.414,101352.34,276.07623,275.935,275.3575,274.4342,275.67838,4.376419,3.0066369,6.420926,5.9325037,4.072718,7.9933624
48.0,5.625,2014-01-01 01:30:00,112.85315,1431.9766,91924.16,97131.72,101369.17,276.1804,276.027,275.5963,273.72134,275.6836,3.7177594,2.5406244,5.3406873,5.2980957,3.6200938,7.1924434
48.0,5.625,2014-01-01 02:30:00,113.34558,1431.9457,95008.414,97134.7,101376.75,276.12006,275.9615,275.62463,273.22028,275.62427,3.1291263,2.1317804,4.497179,5.0196013,3.4191093,6.9000626
48.0,5.625,2014-01-01 03:30:00,114.06051,1431.6882,93108.72,97140.27,101386.94,276.28116,276.112,275.80154,272.95035,275.77856,2.7300968,1.8522593,4.102428,4.6509266,3.1529691,6.5408773
48.0,5.625,2014-01-01 04:30:00,115.214,1431.9167,91843.625,97149.79,101401.92,276.43436,276.23828,275.97638,272.80353,275.82687,2.6938415,1.8168799,4.2397504,4.592457,3.1012778,6.646033
48.0,5.625,2014-01-01 05:30:00,116.09446,1431.8917,94421.55,97160.83,101412.94,276.40106,276.2147,275.99268,272.75125,275.82498,2.1877651,1.4732052,3.3637366,4.5458717,3.0650733,6.6023564
48.0,5.625,2014-01-01 06:30:00,117.15784,1432.1119,94374.7,97171.76,101426.93,276.29437,276.12155,275.89972,272.86826,275.75824,1.6351277,1.102526,2.520609,4.5504174,3.0664806,6.6263075
48.0,5.625,2014-01-01 07:30:00,118.042725,1432.588,92754.11,97173.66,101439.734,276.2353,276.08252,275.82065,272.986,275.78116,1.1153461,0.75559217,1.7653667,4.7059307,3.183442,6.792458
48.0,5.625,2014-01-01 08:30:00,118.55059,1433.5491,94837.14,97177.734,101447.2,276.42133,276.35788,275.9469,272.95023,276.29538,0.58544683,0.40279,0.92379475,5.0601463,3.4790955,6.7256303
48.0,5.625,2014-01-01 09:30:00,115.23127,1431.9038,94344.45,97140.125,101406.28,276.76392,276.77487,276.19824,273.05664,276.87415,0.08824006,0.061543778,0.31728947,5.207469,3.6207445,6.6785574
48.0,5.625,2014-01-01 10:30:00,110.268005,1429.4985,95564.16,97084.5,101344.85,277.25552,277.31693,276.5835,273.48724,277.5586,-0.23813564,-0.16668397,-0.14549899,5.296606,3.7095714,6.5449667
48.0,5.625,2014-01-01 11:30:00,104.65435,1426.5947,94800.04,97018.01,101275.47,277.90186,278.01947,276.98016,273.94748,278.42224,0.20054471,0.14137846,0.44647717,6.1832223,4.3410864,7.6935377
48.0,5.625,2014-01-01 12:30:00,98.72015,1422.9354,93616.766,96956.83,101201.19,278.71246,278.8636,277.4775,274.35873,279.35333,0.574399,0.40386727,0.9582078,6.6246,4.657779,8.203926
48.0,5.625,2014-01-01 13:30:00,92.53531,1418.6714,93839.47,96886.125,101123.47,279.42532,279.46094,277.8978,274.77228,279.54596,0.4942394,0.34450465,0.8038931,6.680828,4.653373,8.473581
48.0,5.625,2014-01-01 14:30:00,87.87008,1415.554,94866.84,96836.25,101064.875,279.41498,279.24,278.09027,275.0567,278.7472,-0.16219902,-0.110815555,-0.07605779,6.300947,4.2983546,8.781456
48.0,5.625,2014-01-01 15:30:00,83.86821,1412.9286,94808.34,96793.1,101014.516,279.04663,278.75415,278.03503,275.3316,278.06915,-0.49583316,-0.3362083,-0.48154998,6.6283126,4.4817896,9.643399
48.0,5.625,2014-01-01 16:30:00,78.41444,1408.7302,94881.85,96736.58,100946.86,278.9445,278.64874,277.90018,275.682,278.0468,-0.65198505,-0.4446094,-0.6570526,7.444276,5.05701,10.58651
48.0,5.625,2014-01-01 17:30:00,71.68162,1402.8824,94165.58,96662.73,100863.836,278.9482,278.6624,277.67917,275.99603,278.04764,-0.4827212,-0.33069506,-0.34451348,8.208642,5.6006427,11.439961
48.0,5.625,2014-01-01 18:30:00,64.35292,1396.3853,93735.34,96581.67,100773.97,278.89853,278.60022,277.401,276.3272,277.9621,-0.27550298,-0.18964905,-0.05283439,8.555284,5.840515,11.921406
48.0,5.625,2014-01-01 19:30:00,57.009,1390.0397,93403.33,96497.89,100684.664,279.02072,278.70972,277.33405,276.45386,278.06335,0.009872705,0.0055224,0.35884392,8.88469,6.069524,12.409272
48.0,5.625,2014-01-01 20:30:00,50.707565,1384.5605,93338.2,96428.68,100607.984,279.1687,278.87582,277.46588,276.46844,278.25964,0.3042388,0.20715895,0.7792763,9.246536,6.32993,12.860899
48.0,5.625,2014-01-01 21:30:00,45.938576,1379.4758,93279.266,96379.6,100550.19,279.1942,278.9222,277.64777,276.23468,278.34274,0.62452877,0.42748564,1.2402835,9.512101,6.5234003,13.131651
48.0,5.625,2014-01-01 22:30:00,42.632725,1375.1442,93612.78,96348.18,100509.88,279.24545,279.00055,277.9784,275.8673,278.48212,1.5034691,1.0329748,2.4416606,9.929656,6.8228555,13.356477
48.0,5.625,2014-01-01 23:30:00,38.594383,1370.4485,93627.27,96298.42,100461.47,279.48578,279.25125,278.44357,275.75177,278.78262,2.0563757,1.4144957,3.1431181,10.069794,6.925211,13.451255
48.5,5.0,2014-01-01 00:30:00,98.7833,1417.5286,97664.84,98422.414,101199.34,277.1524,276.97992,276.43954,273.35022,276.60318,2.6967316,1.8513635,3.8105748,5.108285,3.5072885,7.0793
48.5,5.0,2014-01-01 01:30:00,100.41565,1418.5391,97588.16,98443.72,101220.42,277.31125,277.11295,276.7682,273.21158,276.687,2.3154156,1.5762689,3.464711,4.6828613,3.1884532,6.7529902
48.5,5.0,2014-01-01 02:30:00,102.37683,1419.2582,97712.414,98462.7,101246.25,277.5517,277.4029,277.05823,272.86676,277.13034,2.5549076,1.7479913,3.743273,4.3858123,3.0021172,6.124672
48.5,5.0,2014-01-01 03:30:00,103.62301,1418.907,95188.72,98476.27,101264.44,277.8749,277.6823,277.36795,272.2443,277.30225,2.6441593,1.7946421,4.2391467,4.1245594,2.798477,6.070174
48.5,5.0,2014-01-01 04:30:00,105.24525,1419.2605,94307.625,98485.79,101286.42,278.13943,277.92578,277.65607,271.72638,277.48062,2.7495055,1.8539892,4.4096723,3.8092537,2.5680747,5.757361
48.5,5.0,2014-01-01 05:30:00,105.09446,1418.298,93365.55,98488.83,101284.69,278.1491,277.91196,277.6294,271.5823,277.4153,2.2190151,1.4873654,3.7006507,3.9931374,2.6764014,6.2761846
48.5,5.0,2014-01-01 06:30:00,105.18909,1417.7682,94774.7,98491.76,101285.93,278.00922,277.72897,277.41534,271.71396,277.12445,1.6805378,1.1176627,2.9454136,4.240847,2.820387,6.8626356
48.5,5.0,2014-01-01 07:30:00,104.980225,1417.4318,94242.11,98485.66,101283.234,277.97357,277.68213,277.19955,271.95572,277.0956,1.2608539,0.8439711,2.217515,4.850462,3.2488718,7.638161
48.5,5.0,2014-01-01 08:30:00,104.61309,1417.4553,92277.14,98481.734,101277.2,278.2885,278.09225,277.2516,272.17972,277.75436,0.8142066,0.5567817,1.4604158,5.7007713,3.9009705,8.208053
48.5,5.0,2014-01-01 09:30:00,100.51252,1415.0913,91896.45,98436.125,101225.78,278.71704,278.59518,277.27246,272.4375,278.3722,0.39341584,0.27196246,0.8065778,6.1254377,4.2379317,8.354339
48.5,5.0,2014-01-01 10:30:00,95.643005,1413.6235,93676.16,98380.5,101165.85,279.15787,279.1099,277.4585,272.73627,279.07617,-0.39194423,-0.27361757,-0.25267673,6.169653,4.301368,8.084029
48.5,5.0,2014-01-01 11:30:00,88.77935,1411.126,96256.04,98298.01,101081.97,280.01514,280.1093,277.8864,273.11057,280.5277,-0.7513596,-0.5306186,-0.6515453,6.3902535,4.5110083,7.9552565
48.5,5.0,2014-01-01 12:30:00,81.1264,1406.9979,96000.766,98204.83,100987.19,280.93903,281.03937,278.3525,273.60092,281.34552,-0.69004345,-0.48683402,-0.6393264,6.8706937,4.8472323,8.508614
48.5,5.0,2014-01-01 13:30:00,73.769684,1401.8589,96239.47,98126.125,100895.59,281.36673,281.39453,278.68686,274.1668,281.43073,-0.72408336,-0.50812596,-0.6587534,6.9698906,4.889701,8.653269
48.5,5.0,2014-01-01 14:30:00,68.40133,1397.9446,97170.84,98060.25,100828.44,280.9853,280.8103,278.78558,274.63873,280.21985,-0.9842205,-0.67819834,-1.102425,6.535322,4.505386,8.730675
48.5,5.0,2014-01-01 15:30:00,63.696335,1395.163,97144.34,98009.1,100770.266,280.24585,279.95337,278.62878,274.9937,279.21368,-1.2077472,-0.82668686,-1.4444406,6.9369063,4.7474146,9.701993
48.5,5.0,2014-01-01 16:30:00,57.08631,1390.6365,97041.85,97936.58,100689.3,279.87418,279.57452,278.57205,275.2777,278.89447,-1.4752272,-1.0110157,-1.7830291,7.1708384,4.914432,9.758385
48.5,5.0,2014-01-01 17:30:00,49.150364,1384.0543,89493.58,97838.73,100592.37,280.15915,279.8382,278.53073,275.39447,279.2156,-1.2537173,-0.8617009,-1.1311345,8.021142,5.514705,11.381368
48.5,5.0,2014-01-01 18:30:00,41.806046,1377.0884,92295.34,97757.67,100502.98,280.79306,280.44006,278.3385,275.49713,279.59882,-0.4234522,-0.2921881,-0.07138908,9.317002,6.428406,12.714375
48.5,5.0,2014-01-01 19:30:00,34.95431,1370.2272,94683.33,97681.89,100419.91,280.41525,280.09644,278.21686,275.57886,279.36804,-0.70338416,-0.4850782,-0.45164192,8.845628,6.100774,12.15146
48.5,5.0,2014-01-01 20:30:00,28.684128,1364.5605,93898.2,97612.68,100343.83,280.50464,280.14536,278.169,275.81024,279.31042,0.058297634,0.040334612,0.6642861,9.414505,6.4939923,13.048399
48.5,5.0,2014-01-01 21:30:00,23.790138,1359.0227,93839.266,97555.6,100284.61,280.4989,280.1605,278.31183,275.96906,279.3857,0.5957812,0.41155547,1.3821292,9.445695,6.5234003,12.979307
48.5,5.0,2014-01-01 22:30:00,19.933508,1353.9567,93804.78,97516.18,100238.04,280.56967,280.27008,278.56433,276.13684,279.60712,1.08843,0.75331175,2.0354106,9.496062,6.5709023,12.821321
48.5,5.0,2014-01-01 23:30:00,14.803369,1348.2454,92331.27,97458.42,100176.625,280.7436,280.44266,278.7795,276.28693,279.7592,1.3862097,0.96015006,2.4600127,9.843231,6.817789,13.365317
48.5,5.625,2014-01-01 00:30:00,103.93955,1422.2473,89824.84,97342.414,101260.09,276.02155,275.86664,275.11923,273.94592,275.59927,5.061966,3.4783165,7.2431917,5.452035,3.7455697,7.300003
48.5,5.625,2014-01-01 01:30:00,105.0094,1423.5703,95284.16,97355.72,101274.92,276.33078,276.16763,275.61975,273.40494,275.8213,4.0517435,2.7710931,5.6219373,4.9992676,3.418922,6.8662715
48.5,5.625,2014-01-01 02:30:00,106.00183,1423.8519,96624.414,97366.7,101288.5,276.2724,276.10602,275.7223,273.02692,275.73825,3.2980716,2.2450616,4.6905384,4.6485076,3.1642265,6.4117813
48.5,5.625,2014-01-01 03:30:00,107.34176,1423.8757,94452.72,97372.27,101306.19,276.44913,276.27216,275.9031,272.71793,275.9458,3.428339,2.3317513,5.1590686,4.5747547,3.1100004,6.4315023
48.5,5.625,2014-01-01 04:30:00,109.6515,1424.9167,91923.625,97397.79,101336.42,276.8699,276.69727,276.3045,272.3172,276.3654,3.4575133,2.3500829,5.060063,4.4996834,3.0592856,6.4077516
48.5,5.625,2014-01-01 05:30:00,110.87571,1425.2667,90597.55,97408.83,101352.94,277.07684,276.90414,276.5161,271.98172,276.55887,2.8625698,1.9419552,4.2475257,4.5488014,3.085581,6.5554814
48.5,5.625,2014-01-01 06:30:00,112.37659,1425.8619,92406.7,97427.76,101371.93,277.07953,276.9067,276.53253,271.87704,276.54242,2.2630575,1.53319,3.4034214,4.6754174,3.1670666,6.7649794
48.5,5.625,2014-01-01 07:30:00,113.573975,1426.2443,93154.11,97437.66,101387.734,277.02826,276.854,276.473,272.04947,276.49014,1.8502094,1.2546155,2.8366556,5.0184307,3.4031687,7.2221456
48.5,5.625,2014-01-01 08:30:00,114.42559,1427.0491,91797.14,97449.734,101398.7,277.1264,277.0239,276.5055,272.32034,276.86765,1.4074683,0.9655952,2.1469393,5.55624,3.8140564,7.643599
48.5,5.625,2014-01-01 09:30:00,111.07502,1424.9976,95304.45,97412.125,101356.78,277.3733,277.34518,276.64746,272.55078,277.33508,1.0511307,0.728597,1.5106794,5.9164534,4.103166,7.672698
48.5,5.625,2014-01-01 10:30:00,106.393005,1422.6548,93580.16,97356.5,101299.1,277.62662,277.65286,276.81006,272.80463,277.76758,0.5741202,0.39990538,0.94483304,5.968481,4.160743,7.6387167
48.5,5.625,2014-01-01 11:30:00,100.4981,1419.9697,94336.04,97282.01,101226.47,278.14795,278.2226,277.09735,273.21115,278.49646,0.5333389,0.3723355,0.9135182,6.366816,4.458274,8.01971
48.5,5.625,2014-01-01 12:30:00,93.78265,1416.4667,94352.766,97212.83,101143.44,278.82574,278.94952,277.45407,273.65366,279.35138,0.4850359,0.3401313,0.8172776,6.825772,4.792545,8.471504
48.5,5.625,2014-01-01 13:30:00,87.00406,1412.0151,94943.47,97134.125,101058.34,279.30814,279.3789,277.78842,274.16876,279.53815,0.2425304,0.16942531,0.46957302,7.083172,4.950248,8.852488
48.5,5.625,2014-01-01 14:30:00,81.71383,1408.3977,95154.84,97076.25,100991.625,279.27045,279.16187,277.91058,274.69342,278.79016,-0.078214645,-0.05356458,0.043571115,6.8087597,4.6870265,9.062706
48.5,5.625,2014-01-01 15:30:00,77.071335,1405.6473,91480.34,97025.1,100933.64,279.05054,278.7854,277.87878,275.10114,278.18243,-0.12498355,-0.08559796,0.13881135,7.261125,4.9485865,10.3348055
48.5,5.625,2014-01-01 16:30:00,70.80506,1401.5115,96049.85,96960.58,100856.11,278.8898,278.60968,277.90018,275.49255,277.9765,-0.486946,-0.33254886,-0.50910336,7.6102915,5.1878695,10.551353
48.5,5.625,2014-01-01 17:30:00,63.119114,1395.32,95429.58,96870.73,100761.52,278.83102,278.57257,277.87448,275.83197,278.0281,-0.65654933,-0.4493474,-0.614533,8.380517,5.7393146,11.611836
48.5,5.625,2014-01-01 18:30:00,55.75917,1388.5259,95383.34,96789.67,100671.22,278.8712,278.61975,277.7682,276.06354,278.06366,-0.32359868,-0.22138733,-0.17002189,9.020127,6.1920776,12.218281
48.5,5.625,2014-01-01 19:30:00,48.680874,1381.8678,94955.33,96713.89,100585.54,279.04807,278.7683,277.63092,276.22925,278.18054,0.15452603,0.10580316,0.63353264,9.279222,6.368352,12.823335
48.5,5.625,2014-01-01 20:30:00,42.520065,1376.248,94890.2,96644.68,100510.8,279.19995,278.9266,277.7237,276.26532,278.34558,0.4665923,0.32034865,0.98838276,9.637161,6.6209455,13.142149
48.5,5.625,2014-01-01 21:30:00,37.649513,1371.0071,94735.266,96587.6,100451.56,279.22546,278.95346,277.8509,276.07062,278.35056,0.8330859,0.5722,1.4956546,9.594132,6.5917597,13.104307
48.5,5.625,2014-01-01 22:30:00,33.58585,1365.7067,94524.78,96548.18,100402.07,279.19858,278.9615,277.99402,275.72668,278.44696,1.3733422,0.94532835,2.232188,9.839812,6.7759805,13.305696
48.5,5.625,2014-01-01 23:30:00,28.235008,1359.9954,94635.27,96490.42,100337.34,279.22015,279.00906,278.19357,275.86505,278.54434,1.7629187,1.215277,2.6938994,10.030731,6.913492,13.482505
48.0,5.0,2014-01-03 00:30:00,70.95632,1404.2812,96301.875,97034.86,100849.72,277.59308,277.2874,276.70367,275.01566,276.72034,0.05999434,0.042088985,0.17021179,5.055561,3.3596044,7.8606076
48.0,5.0,2014-01-03 01:30:00,70.50234,1404.187,95998.85,97033.336,100843.53,277.4771,277.24808,276.5466,275.6495,276.79767,-0.7395544,-0.49794507,-0.92333686,5.97043,4.051408,8.4890785
48.0,5.0,2014-01-03 02:30:00,68.23866,1402.599,96284.625,97002.69,100817.48,277.2367,277.06866,276.50006,276.11206,276.68103,-1.2392119,-0.8480369,-1.5035081,6.743416,4.6235123,9.066158
48.0,5.0,2014-01-03 03:30:00,63.944744,1399.5961,96228.56,96952.984,100766.06,277.0699,277.00858,276.61493,276.5073,276.92877,-1.3884443,-0.9610012,-1.5763326,7.299079,5.0509825,9.314252
48.0,5.0,2014-01-03 04:30:00,60.947372,1396.4862,96201.61,96931.29,100727.51,277.65875,277.56805,277.11694,277.057,277.45004,-0.74597156,-0.5161627,-0.6665356,7.781473,5.3794365,10.0427685
48.0,5.0,2014-01-03 05:30:00,60.135742,1396.1957,94890.38,96928.875,100714.984,278.33832,278.2008,277.61517,277.68848,277.97418,0.33547497,0.2303558,0.9023385,8.211606,5.661415,10.856965
48.0,5.0,2014-01-03 06:30:00,62.102562,1400.4382,88795.68,96944.35,100740.34,279.3385,279.12637,278.21588,278.08203,278.735,3.0423036,2.0947614,4.5467706,9.039597,6.2252975,12.003646
48.0,5.0,2014-01-03 07:30:00,65.028404,1404.6555,89743.37,96973.54,100777.8,279.81372,279.58038,278.74155,277.77185,279.1282,3.2433105,2.2269695,4.7979236,8.119635,5.5748816,10.879073
48.0,5.0,2014-01-03 08:30:00,70.427734,1410.5002,91331.39,97031.17,100843.125,280.24316,280.05762,279.2747,277.2902,279.73685,3.08217,2.115117,4.510876,7.1230054,4.891597,9.45132
48.0,5.0,2014-01-03 09:30:00,76.78373,1416.4857,91527.47,97108.43,100918.58,280.89352,280.78424,279.94318,276.5745,280.6795,3.2459564,2.239424,4.700771,6.8085027,4.6996017,8.995846
48.0,5.0,2014-01-03 10:30:00,79.78279,1419.5009,89735.75,97151.96,100952.7,281.7107,281.65692,280.69684,276.2057,281.63965,3.5134695,2.4329839,4.927038,6.363436,4.407439,8.230952
48.0,5.0,2014-01-03 11:30:00,79.476654,1418.8004,88173.21,97145.375,100949.02,282.27432,282.22647,281.20193,276.0351,282.16724,3.6465783,2.5268507,5.0356956,5.7210994,3.9656234,7.430845
48.0,5.0,2014-01-03 12:30:00,81.2478,1418.4644,91301.63,97161.086,100972.72,282.4478,282.3911,281.35355,275.84882,282.25104,3.473135,2.4047737,4.808403,5.725324,3.963864,7.485531
48.0,5.0,2014-01-03 13:30:00,86.915085,1421.771,91692.336,97219.266,101043.14,282.42877,282.29712,281.1248,275.67853,281.95444,3.8424258,2.6469293,5.6493015,6.0986333,4.201981,8.175083
48.0,5.0,2014-01-03 14:30:00,91.69549,1426.3135,92107.45,97270.016,101103.766,282.2843,282.0876,280.9485,275.77823,281.62012,3.8898473,2.665775,5.6665483,6.135974,4.2058077,8.386965
48.0,5.0,2014-01-03 15:30:00,95.517456,1430.9043,92501.22,97311.914,101150.94,281.94153,281.5955,280.80478,275.87906,280.72952,3.6517966,2.466845,5.634811,5.8128924,3.929072,8.507582
48.0,5.0,2014-01-03 16:30:00,98.4812,1434.8685,95824.875,97348.06,101186.59,281.13855,280.66855,280.4868,276.12985,279.6334,3.2111645,2.131647,5.1894107,5.428001,3.6052551,8.46967
48.0,5.0,2014-01-03 17:30:00,102.514,1439.282,96660.055,97392.61,101235.484,280.65344,280.26822,280.2788,276.1906,279.48697,2.9026175,1.9425387,4.539499,5.5917306,3.7414396,8.360476
48.0,5.0,2014-01-03 18:30:00,108.40188,1444.4824,96733.984,97459.2,101307.03,280.35773,280.1108,280.05075,276.04153,279.61118,2.8790176,1.9548537,4.260233,5.7845902,3.9280477,8.072649
48.0,5.0,2014-01-03 19:30:00,114.570305,1449.5083,96795.6,97528.97,101383.34,279.95087,279.83844,279.6973,275.95758,279.57462,2.6581519,1.8285276,3.6361675,6.079155,4.181129,7.969577
48.0,5.0,2014-01-03 20:30:00,118.621086,1452.7179,96842.03,97576.5,101433.8,279.5044,279.47253,279.2819,275.99786,279.37155,2.322157,1.6095932,3.0899646,6.1899347,4.2901416,7.7511396
48.0,5.0,2014-01-03 21:30:00,119.57484,1452.9214,95654.016,97586.88,101444.484,279.29755,279.28003,279.00485,275.97595,279.2555,2.137215,1.4840689,3.1479568,6.063451,4.209181,7.5935283
48.0,5.0,2014-01-03 22:30:00,119.690445,1452.2908,96074.125,97594.88,101444.7,279.2293,279.18817,278.92737,275.9585,279.03668,2.1328142,1.4771955,3.006981,5.6754313,3.928438,7.261779
48.0,5.0,2014-01-03 23:30:00,119.00247,1450.9889,96749.72,97582.65,101436.625,278.85907,278.83694,278.6052,275.9932,278.74777,1.2366341,0.85745853,1.6837703,5.135961,3.5598865,6.5307274
48.0,5.625,2014-01-03 00:30:00,78.58132,1409.9062,95821.875,96754.86,100943.72,277.18878,277.16437,276.9107,274.5391,277.08167,0.14886153,0.10263586,0.34599304,5.164936,3.5734715,6.6379514
48.0,5.625,2014-01-03 01:30:00,78.18984,1409.3745,95470.85,96753.336,100937.03,277.10992,277.1055,276.7927,274.9249,277.1219,-0.60332394,-0.41786695,-0.5688447,5.6950393,3.9517984,7.242985
48.0,5.625,2014-01-03 02:30:00,76.76991,1407.974,95996.625,96738.69,100919.48,277.10388,277.0843,276.8282,275.58862,277.01355,-1.0497588,-0.72645485,-1.1685472,6.1887283,4.287575,7.7731895
48.0,5.625,2014-01-03 03:30:00,72.50724,1405.3148,95956.56,96688.984,100868.56,277.36676,277.31522,277.029,276.11667,277.26227,-1.4460615,-0.9981106,-1.6671529,6.6525946,4.5998106,8.517377
48.0,5.625,2014-01-03 04:30:00,68.88487,1403.5487,95737.61,96651.29,100824.51,278.0689,277.96844,277.60913,276.52966,277.80966,-0.68640125,-0.47124082,-0.57669187,7.463114,5.1450615,9.706831
48.0,5.625,2014-01-03 05:30:00,67.76074,1402.6019,94794.38,96648.875,100807.484,278.56293,278.42737,277.97455,276.81543,278.19293,0.20193005,0.14100033,0.76732874,7.953793,5.475868,10.626496
48.0,5.625,2014-01-03 06:30:00,68.50881,1404.6257,92763.68,96664.35,100815.84,279.12756,278.94473,278.31744,277.5879,278.57483,2.2034364,1.5195659,3.327044,9.094284,6.262407,12.144271
48.0,5.625,2014-01-03 07:30:00,70.778404,1408.5305,91471.37,96677.54,100844.8,279.52075,279.3382,278.67123,278.06287,278.96414,3.2125487,2.213786,4.5684314,9.146978,6.301444,12.058761
48.0,5.625,2014-01-03 08:30:00,75.208984,1414.1877,94867.39,96727.17,100899.625,279.56348,279.4287,278.86063,277.9445,279.16653,2.681291,1.8485155,3.6993527,8.017537,5.5263624,10.349757
48.0,5.625,2014-01-03 09:30:00,81.50248,1420.8607,93095.47,96796.43,100976.08,279.9365,279.878,279.22443,277.50027,279.87677,2.850937,1.9742873,4.0054584,7.454987,5.160539,9.61694
48.0,5.625,2014-01-03 10:30:00,84.53279,1424.1884,90807.75,96839.96,101010.2,280.68335,280.66083,279.8531,276.90198,280.70605,3.4421804,2.3890386,4.7121944,7.0118737,4.8644705,8.9379835
48.0,5.625,2014-01-03 11:30:00,82.726654,1422.3004,89869.21,96825.375,100987.02,281.1962,281.1835,280.33475,276.67084,281.1985,3.3868127,2.3515577,4.5913596,6.264068,4.348436,8.04022
48.0,5.625,2014-01-03 12:30:00,83.65405,1420.8394,92469.63,96825.086,100999.72,281.3111,281.23096,280.42386,276.44745,281.0108,3.4291897,2.367176,4.669731,5.9186835,4.084958,7.8077965
48.0,5.625,2014-01-03 13:30:00,91.196335,1424.7085,92908.336,96907.266,101093.14,281.30768,281.19556,280.35916,275.83282,280.92905,3.757465,2.589312,5.375864,6.2607427,4.3152623,8.425083
48.0,5.625,2014-01-03 14:30:00,96.38299,1429.0635,93419.45,96966.016,101157.266,281.17493,281.01727,280.0813,275.88174,280.64355,4.0968785,2.8151891,5.7505326,6.370349,4.3776827,8.582277
48.0,5.625,2014-01-03 15:30:00,100.486206,1434.2168,93797.22,97007.914,101209.94,281.16418,280.90408,280.17978,276.00308,280.31546,3.3822653,2.2988763,5.009811,5.9828143,4.064814,8.484144
48.0,5.625,2014-01-03 16:30:00,102.2937,1438.056,94880.875,97020.06,101232.59,280.7909,280.36386,280.14304,276.26755,279.41855,2.897688,1.9255923,4.6581607,5.396751,3.587677,8.391545
48.0,5.625,2014-01-03 17:30:00,105.92025,1442.782,95764.055,97064.61,101276.984,280.51282,280.1237,280.10693,276.45526,279.33463,2.8772268,1.9259372,4.4535613,5.705012,3.8137052,8.594851
48.0,5.625,2014-01-03 18:30:00,111.49563,1448.2949,96333.984,97131.2,101344.53,280.2757,280.0405,279.98044,276.3765,279.5682,2.7706192,1.8874708,3.9467566,6.1810746,4.2034383,8.521868
48.0,5.625,2014-01-03 19:30:00,117.476555,1453.2583,96395.6,97200.97,101418.34,279.95087,279.84235,279.7051,276.17535,279.61758,2.778269,1.9139768,3.7787457,6.233452,4.288551,8.082858
48.0,5.625,2014-01-03 20:30:00,121.871086,1456.7179,96458.03,97248.5,101472.8,279.55127,279.5077,279.33658,276.16583,279.37546,2.6161022,1.810765,3.486449,6.1899347,4.282329,7.7823896
48.0,5.625,2014-01-03 21:30:00,123.32484,1457.3589,96230.016,97266.88,101490.484,279.1999,279.17456,278.9736,276.17908,279.10706,2.2202227,1.5397329,3.0366287,6.116185,4.2384777,7.695091
48.0,5.625,2014-01-03 22:30:00,123.377945,1456.6658,96394.125,97266.88,101490.7,279.0379,279.0202,278.80237,276.1499,278.95465,2.033693,1.4112775,2.73452,5.6519938,3.9186723,7.095763
48.0,5.625,2014-01-03 23:30:00,122.56497,1455.2389,96413.72,97254.65,101479.625,278.83563,278.82132,278.613,276.16312,278.7634,1.5403451,1.0690064,2.0597467,5.0207267,3.4817615,6.3295555
48.5,5.0,2014-01-03 00:30:00,62.64382,1394.6875,97229.875,98010.86,100751.72,279.26105,278.81085,278.07477,274.68558,277.80823,0.3344084,0.2188468,0.74028015,4.975483,3.2629247,8.380139
48.5,5.0,2014-01-03 01:30:00,60.939842,1394.1245,97230.85,97993.336,100730.53,278.4693,278.10745,277.2927,275.25693,277.3084,-0.76494503,-0.5155232,-1.0092744,5.6637893,3.805314,8.637516
48.5,5.0,2014-01-03 02:30:00,57.582413,1391.8177,97148.625,97954.69,100690.48,278.04333,277.74835,276.86334,275.8894,277.0702,-1.6181182,-1.1097556,-2.0923753,6.905525,4.7348404,9.738033
48.5,5.0,2014-01-03 03:30:00,52.475994,1387.8461,96948.56,97896.984,100629.06,277.59723,277.41678,276.80634,276.33932,277.00446,-1.7712568,-1.2295558,-2.1026998,7.5236883,5.218951,10.040814
48.5,5.0,2014-01-03 04:30:00,49.103622,1384.9862,97081.61,97859.29,100586.76,277.82867,277.72626,277.14038,276.99646,277.587,-1.1912841,-0.83208066,-1.2329419,8.539286,5.965374,11.097456
48.5,5.0,2014-01-03 05:30:00,47.448242,1383.1957,97082.38,97848.875,100564.234,278.4848,278.34924,277.64642,277.76855,278.0728,-0.06857777,-0.047964513,0.12572718,8.945981,6.237587,11.618684
48.5,5.0,2014-01-03 06:30:00,49.040062,1386.8757,88219.68,97864.35,100584.59,279.56897,279.35294,278.2237,278.05664,278.9596,2.3455262,1.6308941,3.6873956,9.520065,6.621782,12.671615
48.5,5.0,2014-01-03 07:30:00,52.403404,1390.9368,89167.37,97893.54,100627.05,280.32544,280.0374,278.85092,277.0199,279.41727,3.393701,2.3456218,5.0655017,8.252447,5.705741,10.976729
48.5,5.0,2014-01-03 08:30:00,57.99023,1396.5002,89395.39,97959.17,100694.625,281.0166,280.76465,279.68094,276.3488,280.31888,3.6485763,2.5199022,5.493298,7.2987866,5.0400343,9.978663
48.5,5.0,2014-01-03 09:30:00,64.65873,1401.892,90343.47,98036.43,100775.08,281.8232,281.64362,280.60724,275.68387,281.3299,4.1316986,2.8639357,5.9380755,6.95694,4.8226485,9.152096
48.5,5.0,2014-01-03 10:30:00,69.59529,1406.0634,90055.75,98095.96,100834.2,282.7224,282.59833,281.4781,275.7926,282.44043,4.055462,2.8172612,5.820593,6.4161706,4.4562674,8.363765
48.5,5.0,2014-01-03 11:30:00,69.851654,1407.1442,91517.21,98097.375,100838.02,283.85635,283.85147,282.2488,275.7597,284.011,4.38193,3.0678663,5.945852,6.1898494,4.332811,7.7706885
48.5,5.0,2014-01-03 12:30:00,69.8728,1407.2456,91477.63,98097.086,100838.72,284.30328,284.23096,282.37698,275.62323,284.02057,4.564932,3.1816292,6.3787155,5.879621,4.09863,7.5714684
48.5,5.0,2014-01-03 13:30:00,72.571335,1409.271,90412.336,98123.266,100873.64,284.39362,284.26587,282.10916,275.72638,283.90366,4.6939883,3.2621636,6.590708,6.3525395,4.4148717,8.362583
48.5,5.0,2014-01-03 14:30:00,76.85174,1413.0635,90091.45,98174.016,100926.766,283.95227,283.68134,281.636,275.57706,282.917,4.156449,2.8620641,6.1372514,6.6594114,4.584714,9.117434
48.5,5.0,2014-01-03 15:30:00,80.642456,1417.0918,90133.22,98215.914,100971.94,283.1759,282.76346,281.3751,275.65933,281.69437,3.8754294,2.6416497,6.0332484,6.572658,4.4808297,9.433363
48.5,5.0,2014-01-03 16:30:00,83.5437,1420.3685,90096.875,98252.06,101006.59,282.52527,282.09824,281.1821,275.79977,281.1295,3.9387035,2.685358,6.162067,6.7033916,4.5710754,9.633733
48.5,5.0,2014-01-03 17:30:00,88.35775,1424.8445,90116.055,98312.61,101064.984,282.0558,281.65494,281.06006,275.6828,280.72134,4.099883,2.7994723,6.494577,6.59759,4.504135,9.434694
48.5,5.0,2014-01-03 18:30:00,94.93313,1430.2324,92525.984,98387.2,101145.53,281.5921,281.19284,280.8867,275.34036,280.23227,4.278432,2.9162796,6.8012486,6.218184,4.2405477,8.900774
48.5,5.0,2014-01-03 19:30:00,100.695305,1434.8208,97579.6,98448.97,101216.84,280.61102,280.2447,280.3926,275.36285,279.34415,3.151316,2.129797,4.9662457,5.4443893,3.6791756,7.8523893
48.5,5.0,2014-01-03 20:30:00,105.339836,1438.2804,97738.03,98504.5,101274.8,280.0005,279.8319,279.7897,275.35822,279.47702,2.5731335,1.7731674,3.7257068,5.9360285,4.094829,7.8761396
48.5,5.0,2014-01-03 21:30:00,108.41859,1439.4839,95494.016,98538.88,101312.984,279.93427,279.8933,279.55954,275.08923,279.85706,2.757332,1.9259634,4.2465897,6.3564196,4.4396496,7.9841533
48.5,5.0,2014-01-03 22:30:00,110.127945,1439.9783,96346.125,98562.88,101332.7,279.87775,279.78583,279.5055,275.03857,279.4898,2.9628923,2.0584943,4.2462387,5.8492594,4.063204,7.605529
48.5,5.0,2014-01-03 23:30:00,110.68997,1439.9889,97837.72,98574.65,101337.625,279.3747,279.3057,279.09738,275.27835,279.08762,1.2559212,0.8716187,1.7452937,5.3117423,3.6878161,6.9037743
48.5,5.625,2014-01-03 00:30:00,74.70632,1404.6562,95725.875,97018.86,100898.22,277.76495,277.721,277.3404,274.45706,277.63245,0.76971114,0.53354406,1.2021942,5.5965767,3.8703465,7.30592
48.5,5.625,2014-01-03 01:30:00,72.72109,1403.437,96094.85,97001.336,100873.03,277.4732,277.41605,277.06613,274.71396,277.22247,0.030465126,0.022074461,0.2285186,5.827852,4.0279703,7.555485
48.5,5.625,2014-01-03 02:30:00,69.76991,1400.849,95852.625,96970.69,100836.48,277.28552,277.2503,276.87115,275.37378,277.1776,-0.4921416,-0.3402244,-0.40634012,6.6731033,4.6293716,8.538815
48.5,5.625,2014-01-03 03:30:00,65.13224,1397.4086,95940.56,96912.984,100781.06,277.2691,277.2195,276.9118,276.08932,277.1197,-1.0075849,-0.6978176,-1.0343404,7.115485,4.931842,9.064252
48.5,5.625,2014-01-03 04:30:00,60.322372,1394.8925,92777.61,96859.29,100722.51,278.13922,278.05243,277.57007,276.53943,277.9874,0.10998547,0.07539004,0.81222415,8.500223,5.885296,11.3708935
48.5,5.625,2014-01-03 05:30:00,58.229492,1393.4769,93626.38,96848.875,100694.484,278.84027,278.70862,278.14642,277.0088,278.4615,1.4515638,1.0031219,2.5134225,9.496762,6.567665,12.563996
48.5,5.625,2014-01-03 06:30:00,57.165062,1393.532,92347.68,96848.35,100679.84,279.41663,279.23575,278.39557,277.74805,278.8639,2.812323,1.9433941,4.172747,10.164597,7.0241256,13.46849
48.5,5.625,2014-01-03 07:30:00,59.184654,1397.3743,94479.37,96861.54,100706.3,279.53247,279.35382,278.55405,278.03748,278.97,3.8282714,2.6459148,5.140697,9.830572,6.7955847,12.894698
48.5,5.625,2014-01-03 08:30:00,64.240234,1402.8127,91635.39,96911.17,100768.625,279.74707,279.59668,278.82156,277.31754,279.34622,3.9581466,2.7342577,5.5011106,8.419881,5.817378,11.154445
48.5,5.625,2014-01-03 09:30:00,70.97123,1409.1732,90807.47,96988.43,100850.58,280.47556,280.3858,279.41974,276.66434,280.30255,4.7566986,3.2955763,6.461513,7.9764714,5.5277267,10.288815
48.5,5.625,2014-01-03 10:30:00,75.28279,1412.9384,89255.75,97039.96,100902.2,281.19897,281.1413,280.06403,276.0641,281.10645,4.9382744,3.4256597,6.7248898,7.187655,4.985564,9.242671
48.5,5.625,2014-01-03 11:30:00,74.882904,1412.7379,87549.21,97033.375,100896.02,282.08292,282.0663,280.75662,275.75677,282.15356,4.9092736,3.4116163,6.539602,6.4085994,4.4539046,8.098814
48.5,5.625,2014-01-03 12:30:00,75.27905,1413.0894,90229.63,97041.086,100901.72,282.67438,282.6255,281.22855,275.61053,282.53033,4.596182,3.1874886,6.138481,5.9167304,4.102536,7.6202965
48.5,5.625,2014-01-03 13:30:00,79.946335,1415.9585,93884.336,97091.266,100959.64,282.753,282.6643,281.28885,275.45,282.4271,4.389301,3.0375543,6.075083,6.340821,4.387528,8.280552
48.5,5.625,2014-01-03 14:30:00,85.16424,1419.6885,94283.45,97142.016,101024.266,282.23743,282.06024,280.85474,275.78018,281.5459,4.205277,2.8952672,5.8735795,6.899646,4.7487764,9.218996
48.5,5.625,2014-01-03 15:30:00,88.642456,1423.0918,95269.22,97175.914,101068.44,281.56653,281.30643,280.4454,275.98648,280.63577,3.7279685,2.5498528,5.291061,6.853908,4.687861,9.417738
48.5,5.625,2014-01-03 16:30:00,91.1687,1426.556,95792.875,97212.06,101098.59,280.90808,280.5787,280.15085,276.03024,279.78964,3.243391,2.2048893,4.63277,6.803001,4.62381,9.664983
48.5,5.625,2014-01-03 17:30:00,94.92025,1430.782,95812.055,97256.61,101143.984,280.505,280.22916,279.9663,276.06464,279.61978,3.4709768,2.3707614,4.8793426,6.939387,4.7404633,9.661257
48.5,5.625,2014-01-03 18:30:00,100.93313,1436.3574,96045.984,97323.2,101217.53,280.19757,279.9858,279.8242,275.78568,279.5057,3.9464004,2.7082717,5.4125767,6.907637,4.7405477,9.369524
48.5,5.625,2014-01-03 19:30:00,107.070305,1441.3208,96491.6,97392.97,101293.34,279.9001,279.77203,279.62698,275.4488,279.4965,3.9862769,2.7489376,5.3217144,6.6826706,4.6088634,8.770358
48.5,5.625,2014-01-03 20:30:00,111.777336,1445.0304,96682.03,97440.5,101351.8,279.59033,279.53503,279.3444,275.49396,279.4028,3.8739147,2.683812,5.0518785,6.6274347,4.592876,8.442546
48.5,5.625,2014-01-03 21:30:00,114.76234,1446.5464,96294.016,97474.88,101389.484,279.28973,279.27222,279.0283,275.42908,279.21252,3.7563555,2.6085806,4.9907303,6.5907946,4.5802746,8.343528
48.5,5.625,2014-01-03 22:30:00,117.377945,1447.4158,96522.125,97506.88,101421.2,279.08478,279.06708,278.81018,275.23975,279.00153,3.5322282,2.4540021,4.580223,5.9801188,4.1530476,7.482482
48.5,5.625,2014-01-03 23:30:00,118.31497,1447.5514,96797.72,97518.65,101431.625,278.91376,278.89554,278.63644,275.21585,278.8259,2.5108042,1.7430787,3.2648249,5.167211,3.5872302,6.5053368
48.0,5.0,2014-01-04 00:30:00,117.25969,1448.9442,96413.91,97568.57,101414.98,278.70062,278.69333,278.4282,276.10666,278.68896,0.78787017,0.5473969,1.1889544,4.9265547,3.4245741,6.2626333
48.0,5.0,2014-01-04 01:30:00,113.145195,1445.367,96740.17,97519.09,101365.11,278.56805,278.55267,278.28717,276.3741,278.4801,0.038394034,0.02688694,0.13263541,4.6336765,3.2154756,5.9271073
48.0,5.0,2014-01-04 02:30:00,106.26506,1439.4756,96358.66,97436.734,101280.36,278.47183,278.4615,278.17154,276.72083,278.45,-0.7439532,-0.5169797,-0.79480547,4.6316924,3.2166188,5.9270015
48.0,5.0,2014-01-04 03:30:00,97.87131,1432.0623,96503.76,97337.16,101177.984,278.40714,278.38693,278.11856,276.96954,278.30554,-1.2861755,-0.8913962,-1.5809145,4.636024,3.2135634,5.956303
48.0,5.0,2014-01-04 04:30:00,87.690125,1423.1399,96370.64,97228.19,101053.945,278.20767,278.1987,277.92648,277.1044,278.17407,-1.9915795,-1.3843007,-2.4261706,4.7004404,3.2649946,5.9629745
48.0,5.0,2014-01-04 05:30:00,75.991684,1412.8579,96357.02,97094.33,100910.97,278.17975,278.16528,277.87994,277.2145,278.12283,-2.637094,-1.8318318,-3.2292342,4.9294233,3.423627,6.2410536
48.0,5.0,2014-01-04 06:30:00,64.285,1402.0414,96233.65,96956.62,100770.19,278.19708,278.16956,277.88596,277.263,278.12515,-3.3121357,-2.2976723,-4.0548677,5.2503653,3.6410408,6.675588
48.0,5.0,2014-01-04 07:30:00,54.43154,1392.2695,95879.38,96834.65,100652.66,278.5292,278.47272,278.1555,276.88522,278.39413,-3.793046,-2.6248968,-4.6724215,5.684937,3.934962,7.302438
48.0,5.0,2014-01-04 08:30:00,46.049805,1383.2448,92030.69,96731.28,100552.734,279.29053,279.19275,278.69556,276.28076,279.08902,-3.6916347,-2.549766,-4.3875647,6.5780725,4.5439453,9.017592
48.0,5.0,2014-01-04 09:30:00,36.828323,1373.454,90105.875,96634.74,100440.91,279.974,279.8475,279.15216,276.46732,279.59277,-2.6828396,-1.8487896,-3.1781256,6.9131284,4.766732,9.45802
48.0,5.0,2014-01-04 10:30:00,29.692303,1366.0636,90637.8,96554.39,100354.875,280.17923,280.0628,279.26453,276.7058,279.8264,-2.0619211,-1.4218074,-2.3577611,6.814026,4.7001266,9.3084755
48.0,5.0,2014-01-04 11:30:00,19.369812,1355.6758,90333.46,96424.266,100231.91,280.23077,280.13934,279.28235,276.73172,279.97205,-1.6259127,-1.1228229,-1.689744,6.639892,4.586261,8.897916
48.0,5.0,2014-01-04 12:30:00,10.436932,1346.4614,88179.32,96319.6,100125.18,280.3836,280.2971,279.44272,276.50427,280.103,-1.1848075,-0.81860757,-1.0390694,6.480337,4.474002,8.702314
48.0,5.0,2014-01-04 13:30:00,3.6919937,1339.3104,89368.55,96235.97,100044.33,280.34097,280.33527,279.42554,276.40765,280.32742,-1.2242987,-0.8518944,-1.1435256,6.755523,4.6996403,8.559402
48.0,5.0,2014-01-04 14:30:00,2.7947197,1337.0009,94114.45,96229.164,100033.5,279.87305,279.8756,279.07178,276.37448,279.77423,-1.2751832,-0.8874271,-1.381762,6.820983,4.7451854,8.546238
48.0,5.0,2014-01-04 15:30:00,1.9357643,1335.5961,95488.95,96212.08,100023.13,278.86038,278.7334,278.2956,276.3913,278.27826,-1.8809392,-1.2899711,-2.4509141,6.2953305,4.329435,8.304803
48.0,5.0,2014-01-04 16:30:00,-0.7244339,1334.3992,95354.45,96176.805,99991.24,278.18002,278.03275,277.68707,276.37064,277.69647,-2.5130906,-1.7224166,-3.2826865,5.8575573,4.013998,7.8607802
48.0,5.0,2014-01-04 17:30:00,-6.512787,1330.6234,95382.66,96114.06,99921.695,278.3051,278.15527,277.84637,276.47098,277.88452,-2.6647737,-1.8261003,-3.4880123,5.5662622,3.808952,7.525208
48.0,5.0,2014-01-04 18:30:00,-14.40905,1324.0085,95303.89,96026.62,99827.17,278.66867,278.54575,278.30682,276.56915,278.3333,-2.620562,-1.7969332,-3.4149318,5.306136,3.6383312,7.1614876
48.0,5.0,2014-01-04 19:30:00,-20.007904,1317.685,94757.88,95967.85,99760.52,278.97028,278.8725,278.62103,276.3871,278.7345,-2.0559113,-1.4133375,-2.6075969,5.3074613,3.6470947,7.2080035
48.0,5.0,2014-01-04 20:30:00,-22.279808,1312.915,94626.81,95943.97,99733.56,279.41815,279.25906,278.92694,275.98914,278.9374,-0.75829864,-0.5196233,-0.92656636,5.1687865,3.5142004,7.386577
48.0,5.0,2014-01-04 21:30:00,-18.663307,1310.919,93545.67,95976.09,99776.31,279.57733,279.39417,278.93182,275.08923,278.97406,2.424234,1.6568623,3.637263,5.2465487,3.5754704,7.5466847
48.0,5.0,2014-01-04 22:30:00,-10.297398,1312.7052,94460.82,96061.28,99876.35,278.9139,278.797,278.37378,273.49652,278.4789,5.877724,4.0484095,7.931065,2.899484,1.9926611,3.7920854
48.0,5.0,2014-01-04 23:30:00,-2.6454544,1316.4775,94354.03,96138.27,99968.25,278.36038,278.28973,277.887,272.3121,278.08942,7.775982,5.384695,10.175245,-0.25732315,-0.17825522,-0.530596
48.0,5.625,2014-01-04 00:30:00,121.13469,1453.4442,96509.91,97240.57,101462.48,278.54047,278.53317,278.311,276.2297,278.4878,0.93510985,0.6498482,1.2549334,4.668742,3.2400038,5.9091177
48.0,5.625,2014-01-04 01:30:00,118.145195,1450.367,96484.17,97207.09,101425.61,278.39227,278.3808,278.13873,276.39755,278.34338,0.22125536,0.15420628,0.34674674,4.420786,3.065085,5.626326
48.0,5.625,2014-01-04 02:30:00,112.07756,1444.6006,96406.66,97140.734,101351.36,278.37027,278.3443,278.0934,276.59973,278.28595,-0.4812579,-0.3321652,-0.5594539,4.3797393,3.0281422,5.6965327
48.0,5.625,2014-01-04 03:30:00,104.49631,1437.4998,96327.76,97049.16,101258.984,278.3251,278.29123,278.04825,276.71368,278.20398,-0.7837341,-0.5408103,-0.9720278,4.3664927,3.0123916,5.7414594
48.0,5.625,2014-01-04 04:30:00,95.377625,1429.3899,96226.64,96948.19,101146.945,278.27213,278.22604,277.98898,276.78214,278.1194,-1.0614038,-0.7309804,-1.3475573,4.239503,2.9144087,5.685631
48.0,5.625,2014-01-04 05:30:00,84.929184,1420.1704,96101.02,96830.33,101019.47,278.2442,278.17114,277.94244,276.87857,278.02127,-1.5521331,-1.0627888,-2.0524764,4.296611,2.9372988,5.9129286
48.0,5.625,2014-01-04 06:30:00,73.9725,1409.6664,95977.65,96708.62,100886.69,278.34357,278.21448,277.96408,276.95245,277.98453,-2.1802998,-1.4783365,-3.0226412,4.4925528,3.0502205,6.3709006
48.0,5.625,2014-01-04 07:30:00,65.65029,1400.707,95431.38,96602.65,100788.16,278.67374,278.49615,278.093,276.60397,278.20468,-2.878007,-1.9510686,-3.9868743,4.8841558,3.316798,6.8786097
48.0,5.625,2014-01-04 08:30:00,58.143555,1392.1823,91982.69,96507.28,100699.734,279.4585,279.27478,278.5315,275.90576,278.97964,-3.367416,-2.2987895,-4.346549,5.7323694,3.9189456,8.185561
48.0,5.625,2014-01-04 09:30:00,46.578323,1380.1415,92521.875,96386.74,100558.41,279.6693,279.51938,278.6834,275.97513,279.2119,-3.4728787,-2.3780866,-4.5101566,5.5889096,3.8331382,7.743176
48.0,5.625,2014-01-04 10:30:00,38.692303,1370.5011,94541.8,96298.39,100462.375,279.5308,279.4378,278.72546,275.85815,279.217,-3.191804,-2.1981745,-4.0979958,5.5464478,3.8231733,7.4959755
48.0,5.625,2014-01-04 11:30:00,29.369812,1360.3633,94477.46,96184.266,100351.41,278.94562,278.90106,278.27454,276.21414,278.73767,-2.732358,-1.8913776,-3.3186502,6.0402827,4.180011,7.9018226
48.0,5.625,2014-01-04 12:30:00,20.015057,1350.5864,89331.32,96071.6,100239.93,278.5047,278.46506,277.82553,276.34998,278.33737,-2.045159,-1.418217,-2.2753975,6.1580715,4.2650175,8.108564
48.0,5.625,2014-01-04 13:30:00,14.754494,1343.9354,90488.55,96003.97,100177.08,277.9191,277.9095,277.26538,275.9975,277.79617,-1.4508612,-1.0081444,-1.4872756,6.4781795,4.5004215,8.27034
48.0,5.625,2014-01-04 14:30:00,12.685345,1340.6259,91682.45,95981.164,100152.25,277.20117,277.2389,276.5874,275.77682,277.28204,-1.3552613,-0.9440677,-1.3583245,6.7194204,4.6846385,8.382175
48.0,5.625,2014-01-04 15:30:00,11.295139,1339.9711,94704.95,95956.08,100135.63,276.88382,276.82715,276.26044,276.09637,276.62982,-1.0655096,-0.7352836,-1.2497423,6.273846,4.331388,8.136834
48.0,5.625,2014-01-04 16:30:00,8.603691,1340.5242,95210.45,95928.805,100103.49,276.8441,276.689,276.23004,276.48196,276.36835,-1.6107469,-1.0964401,-2.1713583,5.5001354,3.748373,7.5502334
48.0,5.625,2014-01-04 17:30:00,2.0340881,1337.3734,94934.66,95850.06,100024.445,277.28558,277.0537,276.77216,276.56082,276.64233,-1.7878206,-1.195241,-2.591528,4.8826685,3.277702,7.2205205
48.0,5.625,2014-01-04 18:30:00,-6.643425,1331.0085,94647.89,95754.62,99920.42,277.9304,277.6981,277.4787,276.74103,277.3255,-2.1791558,-1.4619722,-3.1317286,4.83348,3.2516124,7.1009407
48.0,5.625,2014-01-04 19:30:00,-13.586029,1324.685,94117.88,95679.85,99837.27,278.50153,278.29047,278.0351,276.9203,277.95715,-2.1945832,-1.4807203,-3.0216594,5.0769925,3.4332275,7.389644
48.0,5.625,2014-01-04 20:30:00,-16.951683,1320.54,94722.81,95639.97,99797.06,279.00018,278.7864,278.48163,276.6571,278.40616,-1.520994,-1.0205998,-2.155082,5.1238647,3.4556067,7.4725146
48.0,5.625,2014-01-04 21:30:00,-17.98362,1317.419,91945.67,95624.09,99784.56,279.42108,279.18323,278.80682,276.22205,278.7553,0.19889212,0.14369106,0.42876697,5.316861,3.5784001,8.101372
48.0,5.625,2014-01-04 22:30:00,-15.016148,1314.4552,93916.82,95661.28,99820.1,279.37485,279.18762,278.83472,275.22894,278.7875,3.219521,2.1958704,4.576573,3.908273,2.6313329,5.7569294
48.0,5.625,2014-01-04 23:30:00,-10.176704,1313.1025,94658.03,95706.27,99878.0,278.70413,278.5905,278.28543,273.6207,278.3199,5.561138,3.8221948,7.6439953,1.3279124,0.8859004,1.8157175
48.5,5.0,2014-01-04 00:30:00,109.44719,1438.4442,97277.91,98560.57,101321.48,279.26703,279.24802,278.9282,275.5051,279.22998,0.6096704,0.42608953,1.0648699,5.4402266,3.8025038,6.9188833
48.5,5.0,2014-01-04 01:30:00,106.395195,1435.6794,97780.17,98527.09,101283.61,279.0368,279.0019,278.75592,275.78036,278.8512,-0.10027784,-0.06979275,-0.023370445,5.153208,3.5904756,6.593123
48.5,5.0,2014-01-04 02:30:00,100.54631,1431.1006,96998.66,98452.734,101211.36,278.9445,278.93414,278.5934,276.1427,278.9344,-0.8103595,-0.5670285,-0.77185625,5.159036,3.6101735,6.5656734
48.5,5.0,2014-01-04 03:30:00,92.37131,1424.7498,97607.76,98361.16,101111.984,278.87003,278.8303,278.54044,276.49493,278.67566,-1.4072692,-0.9807517,-1.7200747,4.903602,3.4166884,6.343022
48.5,5.0,2014-01-04 04:30:00,82.846375,1417.2024,97314.64,98244.19,100996.445,278.5612,278.54636,278.23898,276.83487,278.50122,-2.3167748,-1.6211171,-2.7992175,4.8703623,3.4085493,6.1934433
48.5,5.0,2014-01-04 05:30:00,71.210434,1407.4829,97365.02,98110.33,100854.97,278.4903,278.47583,278.1612,277.14615,278.40506,-3.034555,-2.1248007,-3.716539,4.92747,3.449994,6.1961317
48.5,5.0,2014-01-04 06:30:00,58.410007,1396.4164,97225.65,97964.62,100699.69,278.3709,278.36096,278.0422,277.33136,278.3185,-3.849245,-2.698063,-4.668149,5.0003653,3.5052986,6.300588
48.5,5.0,2014-01-04 07:30:00,47.77529,1386.7695,97095.38,97842.65,100571.91,278.49014,278.4649,278.12424,277.311,278.43515,-4.418046,-3.0956,-5.352109,5.4564214,3.8226573,6.855172
48.5,5.0,2014-01-04 08:30:00,38.643555,1377.7448,96894.69,97731.28,100463.234,279.1538,279.11072,278.67212,276.771,279.09293,-4.5978847,-3.2167583,-5.502799,6.175729,4.321289,7.939467
48.5,5.0,2014-01-04 09:30:00,31.422073,1368.2665,96681.875,97642.74,100377.16,279.9115,279.82407,279.20685,275.96146,279.667,-3.4709256,-2.4181256,-4.189844,6.407269,4.463998,8.313489
48.5,5.0,2014-01-04 10:30:00,23.489178,1359.2511,96509.8,97554.39,100281.375,280.4644,280.33624,279.5067,276.2976,280.07248,-2.412507,-1.6718074,-2.9241674,6.099182,4.2255173,8.144413
48.5,5.0,2014-01-04 11:30:00,13.557312,1349.4258,93949.46,97432.266,100162.16,280.59015,280.47137,279.54016,276.67117,280.17517,-1.9745455,-1.3698932,-2.2952127,6.3156734,4.3811827,8.413541
48.5,5.0,2014-01-04 12:30:00,3.7806816,1339.7739,86307.32,97319.6,100045.43,280.825,280.6838,279.53647,276.2074,280.39206,-1.1574638,-0.802006,-0.8935616,6.5506496,4.536502,9.046064
48.5,5.0,2014-01-04 13:30:00,-4.0111313,1332.4979,91032.55,97219.97,99951.83,281.09097,280.94073,279.80054,275.88226,280.59305,-0.95476747,-0.6604881,-0.8486037,6.5856013,4.557062,9.004715
48.5,5.0,2014-01-04 14:30:00,-6.5021553,1330.2509,90002.45,97189.164,99922.0,281.12695,281.03577,279.98584,276.01315,280.78595,-1.1228395,-0.78195834,-1.1766839,6.8952017,4.7979198,9.050144
48.5,5.0,2014-01-04 15:30:00,-7.4236107,1328.0961,96176.95,97180.08,99910.63,279.90335,279.65527,279.2409,276.18036,278.8095,-1.8809392,-1.2899711,-2.5231798,6.365643,4.364591,8.914178
48.5,5.0,2014-01-04 16:30:00,-8.036934,1326.7742,96170.45,97168.805,99903.24,278.57065,278.39993,278.05426,275.9136,277.9582,-2.4857469,-1.7233932,-3.1264365,6.8634167,4.7581387,9.167421
48.5,5.0,2014-01-04 17:30:00,-12.981537,1323.2484,96102.66,97114.06,99844.195,278.1137,277.9795,277.44794,275.86356,277.6775,-2.7253206,-1.8964128,-3.3200436,6.736184,4.684929,8.929504
48.5,5.0,2014-01-04 18:30:00,-19.924675,1318.2585,88647.89,97034.62,99760.92,278.6843,278.49106,277.93964,276.08868,278.1458,-2.212359,-1.5303316,-2.6707911,6.7143393,4.643214,9.462269
48.5,5.0,2014-01-04 19:30:00,-25.046967,1313.185,87493.88,96967.85,99699.27,279.27106,279.03265,278.5976,276.1078,278.50012,-1.3498566,-0.92896247,-1.6447062,6.8133206,4.6881104,9.711909
48.5,5.0,2014-01-04 20:30:00,-27.896996,1308.165,96210.81,96943.97,99665.81,279.42987,279.23563,278.8957,275.74695,278.83975,-0.55517364,-0.3809514,-0.7039101,5.891443,4.041544,8.263531
48.5,5.0,2014-01-04 21:30:00,-26.632057,1304.169,94841.67,96960.09,99681.31,279.8156,279.6051,279.13495,275.20642,279.1889,1.2054839,0.82215786,1.9434154,5.1996737,3.543244,7.6209035
48.5,5.0,2014-01-04 22:30:00,-19.539585,1303.5802,94236.82,97037.28,99765.35,279.44516,279.26965,278.78003,273.69965,278.79532,4.1443257,2.853097,6.0775495,4.070382,2.7944188,5.672945
48.5,5.0,2014-01-04 23:30:00,-9.442329,1309.1025,92706.03,97138.27,99885.75,278.89944,278.78583,278.27762,272.17538,278.48785,7.336529,5.108328,9.921339,1.0393382,0.72232616,1.01103
48.5,5.625,2014-01-04 00:30:00,117.63469,1446.5692,96749.91,97512.57,101422.48,278.6772,278.6738,278.38913,275.3176,278.63232,1.6546533,1.1504548,2.1978045,5.053508,3.514418,6.368102
48.5,5.625,2014-01-04 01:30:00,114.957695,1444.0544,96740.17,97487.09,101388.11,278.44696,278.4433,278.15436,275.5616,278.40588,0.8459807,0.58840275,1.1520445,4.952036,3.4439912,6.222029
48.5,5.625,2014-01-04 02:30:00,109.07756,1439.1006,96630.66,97420.734,101315.86,278.35074,278.3404,278.03873,275.9591,278.3172,-0.0453448,-0.03150603,0.03978926,4.9266143,3.4246266,6.264892
48.5,5.625,2014-01-04 03:30:00,101.34006,1432.5623,96599.76,97329.16,101221.484,278.3251,278.3088,278.0092,276.39532,278.26355,-0.6282165,-0.43607396,-0.7337465,4.809852,3.3375869,6.1301312
48.5,5.625,2014-01-04 04:30:00,92.440125,1425.0774,96466.64,97228.19,101112.945,278.35416,278.3276,278.02023,276.70987,278.27563,-1.1644311,-0.80764055,-1.4154284,4.7766123,3.310893,6.156334
48.5,5.625,2014-01-04 05:30:00,82.179184,1416.5454,96373.02,97110.33,100987.97,278.35162,278.31567,278.02838,276.8727,278.2244,-1.7484221,-1.2112263,-2.1794295,4.784892,3.3122988,6.1941786
48.5,5.625,2014-01-04 06:30:00,70.87875,1406.4789,96249.65,96980.62,100849.69,278.3084,278.27502,278.01096,276.93292,278.19742,-2.4527607,-1.7000161,-3.0451021,4.871459,3.3744392,6.281057
48.5,5.625,2014-01-04 07:30:00,62.21279,1397.707,96119.38,96882.65,100746.16,278.4081,278.37506,278.093,276.86374,278.33163,-3.0039835,-2.0838811,-3.6821868,5.2747808,3.6576183,6.7848597
48.5,5.625,2014-01-04 08:30:00,54.956055,1389.3698,95918.69,96787.28,100660.234,278.92334,278.87634,278.4768,276.28662,278.8488,-3.3342128,-2.3114848,-4.047721,5.7636194,3.9951174,7.4004045
48.5,5.625,2014-01-04 09:30:00,46.359573,1379.329,95881.875,96682.74,100557.91,279.45447,279.36703,278.8006,275.66263,279.2002,-3.3498318,-2.3126569,-4.2093754,5.5068784,3.8018882,7.2041135
48.5,5.625,2014-01-04 10:30:00,35.754803,1367.1886,95437.8,96570.39,100428.375,279.67923,279.57843,278.8739,275.7234,279.3303,-3.2425852,-2.2343073,-4.148777,5.362854,3.694267,7.2616005
48.5,5.625,2014-01-04 11:30:00,24.713562,1354.3008,94317.46,96448.266,100295.41,279.02374,278.9831,278.26672,275.6946,278.80408,-2.9804049,-2.0671587,-3.6995096,6.25122,4.336261,8.159635
48.5,5.625,2014-01-04 12:30:00,14.936932,1344.5864,93747.32,96327.6,100178.68,278.30548,278.27756,277.58334,276.182,278.1655,-2.310784,-1.6066935,-2.7148507,6.523306,4.5325956,8.471846
48.5,5.625,2014-01-04 13:30:00,8.441994,1338.7479,85320.55,96243.97,100101.33,278.25113,278.19464,277.50366,276.15765,278.0657,-1.0612128,-0.73568344,-0.9657912,6.624664,4.5902653,8.758621
48.5,5.625,2014-01-04 14:30:00,4.8415947,1335.5009,91442.45,96197.164,100058.25,278.24414,278.20764,277.5171,275.72214,278.09064,-0.37479258,-0.26047397,-0.17473078,7.2350454,5.022529,9.307957
48.5,5.625,2014-01-04 15:30:00,4.6388893,1334.9711,94656.95,96196.08,100055.63,277.60257,277.4912,276.9792,275.7995,277.10638,-0.39656425,-0.27336955,-0.34642196,7.05119,4.862638,9.332147
48.5,5.625,2014-01-04 16:30:00,2.884941,1334.2742,95178.45,96168.805,100034.74,277.12143,276.96634,276.47614,276.17142,276.5949,-0.5414109,-0.37378383,-0.5912802,6.933729,4.765951,9.229921
48.5,5.625,2014-01-04 17:30:00,-1.9346619,1331.8734,91974.66,96114.06,99976.695,277.1801,276.9756,276.51044,276.13895,276.57593,-0.9333284,-0.64153004,-0.98215294,6.5545435,4.4778976,9.175598
48.5,5.625,2014-01-04 18:30:00,-9.6278,1326.5085,86711.89,96034.62,99884.42,277.83273,277.5848,277.21307,276.22345,277.11847,-0.768023,-0.5234957,-0.74403334,6.413558,4.361964,9.309925
48.5,5.625,2014-01-04 19:30:00,-16.77353,1320.81,84581.88,95951.85,99799.02,278.2281,278.00922,277.7304,276.46326,277.6134,-0.8918488,-0.6106031,-0.9581828,6.301602,4.293579,9.059566
48.5,5.625,2014-01-04 20:30:00,-20.482933,1316.915,90114.81,95903.97,99754.31,278.64862,278.4622,278.216,276.51453,278.1171,-0.5844705,-0.40145922,-0.62773824,6.127771,4.180216,8.6502495
48.5,5.625,2014-01-04 21:30:00,-20.741432,1314.294,94521.67,95904.09,99751.31,278.82733,278.6598,278.37714,276.0033,278.3139,-0.04183054,-0.0291605,0.07866931,5.721158,3.8996892,8.116997
48.5,5.625,2014-01-04 22:30:00,-18.58646,1311.7052,94812.82,95925.28,99777.1,278.95688,278.78918,278.39722,275.4438,278.44766,1.8517232,1.264596,2.7099957,5.1192102,3.485825,7.4131794
48.5,5.625,2014-01-04 23:30:00,-13.668892,1309.7275,91154.03,95978.27,99835.75,278.66116,278.528,278.12918,273.92343,278.17926,5.1871147,3.5658472,7.313917,3.1140451,2.1310174,4.1555614
48.0,5.0,2014-01-05 00:30:00,7.0344276,1322.8611,93796.55,96238.72,100085.58,277.9712,277.9221,277.52502,271.39102,277.77734,7.4755135,5.1832895,9.752853,-1.4035401,-0.9733252,-1.9963403
48.0,5.0,2014-01-05 01:30:00,25.635845,1337.8512,93455.18,96437.11,100313.305,277.60693,277.56995,277.18243,270.7728,277.4497,7.018793,4.869556,9.13706,-0.28557068,-0.19819352,-0.57463336
48.0,5.0,2014-01-05 02:30:00,42.535194,1351.9813,93395.72,96624.85,100521.234,277.21875,277.20016,276.77493,270.4741,277.1167,6.615018,4.595297,8.626848,0.963968,0.670153,1.0160584
48.0,5.0,2014-01-05 03:30:00,53.253407,1361.0428,92793.02,96754.734,100653.62,276.9605,276.94608,276.4592,270.3814,276.8855,6.2680955,4.356985,8.178507,2.0400202,1.4187248,2.4456239
48.0,5.0,2014-01-05 04:30:00,57.74805,1364.7146,93888.195,96806.02,100709.35,276.70145,276.6728,276.1498,270.40326,276.5656,5.8821893,4.0821567,7.7245636,2.4732108,1.7166219,3.0917885
48.0,5.0,2014-01-05 05:30:00,62.51386,1368.8488,93414.016,96858.83,100767.69,276.4676,276.45676,275.87335,270.3443,276.40857,5.7920246,4.0265265,7.577573,2.637723,1.8350184,3.3353415
48.0,5.0,2014-01-05 06:30:00,67.65378,1373.0074,93370.67,96923.69,100831.03,276.19928,276.18866,275.57935,270.1046,276.13425,5.519709,3.8382955,7.2999706,2.5903902,1.8017049,3.289012
48.0,5.0,2014-01-05 07:30:00,74.85095,1379.2803,93532.125,97009.84,100920.086,276.0897,276.06,275.4914,269.63766,275.99878,4.6520348,3.2250814,6.276654,2.4964786,1.7311373,3.2227912
48.0,5.0,2014-01-05 08:30:00,82.62362,1386.7798,93993.2,97099.266,101016.2,276.3731,276.37686,275.78162,269.00992,276.46057,3.7930727,2.643211,5.001256,2.6204767,1.826088,3.293655
48.0,5.0,2014-01-05 09:30:00,88.87413,1393.1151,93316.12,97172.1,101093.695,276.84824,276.89737,276.12924,268.5593,277.08917,3.3823938,2.3797116,4.443658,2.648098,1.8631408,3.2250373
48.0,5.0,2014-01-05 10:30:00,93.2279,1397.9412,88696.14,97228.555,101146.125,277.45837,277.59335,276.10327,269.3255,278.0689,3.717226,2.657278,4.785231,2.1313918,1.5240508,2.4489903
48.0,5.0,2014-01-05 11:30:00,93.07645,1399.1931,86268.96,97228.56,101141.82,278.23676,278.53973,275.50925,269.74777,279.6317,3.7551131,2.7572577,4.6092854,1.7044246,1.2517391,1.9358062
48.0,5.0,2014-01-05 12:30:00,92.962204,1401.0986,85245.266,97240.5,101137.75,278.68835,278.9569,275.07516,269.6549,279.74493,3.3891935,2.4889426,4.0980635,2.003802,1.4704353,2.3575737
48.0,5.0,2014-01-05 13:30:00,95.251045,1405.1292,85668.91,97279.36,101161.336,278.9403,279.07257,274.98538,269.73685,279.35895,2.9246602,2.1108131,3.6211839,2.2584243,1.6278495,2.7389238
48.0,5.0,2014-01-05 14:30:00,97.28961,1409.095,88870.84,97311.53,101181.16,278.70715,278.58582,275.426,270.8319,278.1506,1.7291845,1.1553934,2.7831686,2.1253202,1.4061325,3.4627364
48.0,5.0,2014-01-05 15:30:00,98.92269,1412.65,91971.234,97337.3,101197.78,277.0892,275.9842,274.55472,272.0935,274.55743,0.9773738,0.45799088,1.983207,2.4386516,1.1351168,4.8660903
48.0,5.0,2014-01-05 16:30:00,102.3745,1417.8195,96657.875,97384.484,101238.64,275.958,274.43777,273.49506,273.00006,273.1052,0.7184391,0.33064246,1.4317129,3.1150172,1.4537227,6.259388
48.0,5.0,2014-01-05 17:30:00,106.03714,1423.3208,96695.234,97429.7,101281.86,275.47794,274.31305,273.33502,273.64874,273.06528,0.4613881,0.23461878,0.9775521,3.4705348,1.8184911,7.4278755
48.0,5.0,2014-01-05 18:30:00,108.72379,1427.7815,95684.34,97458.52,101312.89,275.353,274.45978,273.36218,274.11215,273.31055,0.3295744,0.18285239,0.7227154,4.0041676,2.325573,8.3524885
48.0,5.0,2014-01-05 19:30:00,109.70149,1430.5844,96738.87,97475.82,101323.875,275.5929,274.95218,273.58313,274.44485,273.9707,0.3178506,0.19321203,0.63869464,4.8819094,3.0816808,8.891109
48.0,5.0,2014-01-05 20:30:00,109.22912,1432.1112,96748.6,97475.555,101315.2,275.75818,275.29956,273.93402,274.81866,274.4901,0.359702,0.23265433,0.69405067,5.635925,3.7128007,9.007235
48.0,5.0,2014-01-05 21:30:00,106.840164,1432.4434,90779.56,97454.586,101280.66,276.0528,275.71664,274.3609,275.3169,275.13202,0.58867055,0.394091,1.1495358,6.3634653,4.286085,9.477569
48.0,5.0,2014-01-05 22:30:00,103.812195,1432.3392,90489.53,97430.67,101238.19,276.55612,276.2459,274.77264,276.13242,275.6302,1.0514313,0.7118533,1.691302,6.6764803,4.52441,9.619667
48.0,5.0,2014-01-05 23:30:00,100.55468,1432.1749,90101.41,97404.53,101196.39,276.67346,276.39,275.05722,277.08603,275.82962,0.8687924,0.5903606,1.557998,6.750939,4.588661,9.785141
48.0,5.625,2014-01-05 00:30:00,0.050052643,1318.9861,94820.55,95806.72,100000.58,278.1626,278.08224,277.78284,272.22403,277.88867,6.143482,4.2282114,8.241135,-0.46182865,-0.33422607,-0.6690088
48.0,5.625,2014-01-05 01:30:00,18.448345,1333.1012,94383.18,95997.11,100224.805,277.84912,277.8004,277.44025,271.17905,277.66455,6.4641056,4.470142,8.523779,-0.12560898,-0.090649575,-0.4422538
48.0,5.625,2014-01-05 02:30:00,38.691444,1349.7313,92291.72,96216.85,100473.234,277.42188,277.36813,276.91556,270.60007,277.18115,7.054471,4.882406,9.435442,0.41098946,0.28404465,0.1740174
48.0,5.625,2014-01-05 03:30:00,49.722157,1358.7928,93017.02,96338.734,100609.62,277.06598,277.01443,276.5295,270.32526,276.87573,6.8149705,4.71636,9.004679,1.0844537,0.75100017,1.1824404
48.0,5.625,2014-01-05 04:30:00,56.31055,1364.2146,93792.195,96414.02,100690.85,276.86746,276.82318,276.3295,270.32367,276.7082,6.098986,4.221805,8.056595,1.7471366,1.2102742,2.1230385
48.0,5.625,2014-01-05 05:30:00,61.07636,1367.8488,93094.016,96474.83,100750.19,276.66095,276.62277,276.04913,270.34283,276.51013,5.7969074,4.013831,7.706479,2.0200472,1.398495,2.5384665
48.0,5.625,2014-01-05 06:30:00,68.27878,1374.07,92938.67,96555.69,100839.03,276.33405,276.30585,275.71997,270.25354,276.2114,5.3673654,3.7201314,7.1554394,2.1030855,1.4569783,2.6610823
48.0,5.625,2014-01-05 07:30:00,76.6947,1381.4678,93084.125,96657.84,100943.086,276.04672,276.01312,275.4367,269.9951,275.92065,4.4850426,3.1034994,6.063763,2.236713,1.546567,2.8800178
48.0,5.625,2014-01-05 08:30:00,84.84237,1388.8423,92825.2,96755.266,101043.2,276.08014,276.0917,275.41833,269.537,276.16956,3.8028383,2.652,5.008092,2.5921564,1.807045,3.2282252
48.0,5.625,2014-01-05 09:30:00,91.34288,1394.9276,92676.12,96828.1,101123.695,276.33456,276.4091,275.57846,268.9909,276.6595,3.5122766,2.4783444,4.5169,2.766262,1.952008,3.3256233
48.0,5.625,2014-01-05 10:30:00,96.0404,1399.8787,88504.14,96884.555,101181.625,276.86072,277.01523,275.65796,269.2127,277.55328,3.5033588,2.5098171,4.4649186,2.4902785,1.7843047,2.8664708
48.0,5.625,2014-01-05 11:30:00,96.7327,1401.5681,86300.96,96900.56,101188.82,277.59222,277.84833,275.2983,269.39987,278.7528,3.4504256,2.519953,4.261629,2.107745,1.5383602,2.4084625
48.0,5.625,2014-01-05 12:30:00,96.368454,1402.9736,84877.266,96904.5,101182.25,278.0829,278.3241,274.98532,269.24,279.08087,2.9844084,2.1852317,3.641032,2.3202083,1.7018806,2.7159722
48.0,5.625,2014-01-05 13:30:00,97.813545,1406.3167,84836.91,96927.36,101195.836,278.3661,278.49445,274.92288,269.03665,278.79645,2.589211,1.8686255,3.2129807,2.4893813,1.7977713,2.99283
48.0,5.625,2014-01-05 14:30:00,100.53961,1410.5325,90262.84,96975.53,101224.16,278.12122,277.99597,275.44553,269.5536,277.56076,1.5774511,1.0477884,2.5487936,2.0696561,1.3587692,3.3914473
48.0,5.625,2014-01-05 15:30:00,102.07894,1413.775,92371.234,97001.3,101238.28,276.65952,275.4959,274.4102,270.86694,274.10822,0.8793971,0.40427995,1.7571328,2.343925,1.0560153,4.516481
48.0,5.625,2014-01-05 16:30:00,105.437,1418.757,95937.875,97048.484,101277.14,275.6455,273.9612,273.5302,272.0655,272.572,0.68691444,0.30805945,1.3395498,2.9587672,1.3116329,5.6461067
48.0,5.625,2014-01-05 17:30:00,109.41214,1424.4458,96327.234,97093.7,101324.36,275.11856,273.66656,273.30377,272.92316,272.35825,0.52620745,0.2579342,1.0967538,3.2146754,1.5377294,6.5528755
48.0,5.625,2014-01-05 18:30:00,112.59879,1429.469,96404.34,97138.52,101362.39,274.74753,273.51837,273.16687,273.52817,272.24512,0.42356855,0.22691977,0.91200066,3.498308,1.8167839,7.397411
48.0,5.625,2014-01-05 19:30:00,113.82649,1432.4594,96418.87,97155.82,101375.875,274.74524,273.82327,273.26672,273.97806,272.7207,0.44138575,0.2624259,0.9056014,3.9756594,2.2926183,8.176266
48.0,5.625,2014-01-05 20:30:00,113.85412,1434.1112,96428.6,97155.555,101373.2,274.91052,274.24097,273.5395,274.3714,273.2616,0.5756444,0.36912894,1.0111893,4.796081,3.0038164,8.690828
48.0,5.625,2014-01-05 21:30:00,112.496414,1434.7559,96251.56,97150.586,101353.16,274.8067,274.28696,273.7437,274.95752,273.40155,0.65812856,0.43168867,1.1168514,5.236512,3.3856945,8.786162
48.0,5.625,2014-01-05 22:30:00,110.155945,1435.0267,94057.53,97134.67,101318.19,274.728,274.2928,273.8117,275.68515,273.54816,0.82784426,0.55532867,1.3308893,5.5202303,3.6259725,8.807167
48.0,5.625,2014-01-05 23:30:00,106.92968,1434.4874,92341.41,97108.53,101274.39,274.85315,274.48767,273.82675,276.4337,273.8472,0.72363555,0.49234766,1.243911,5.752892,3.8269427,8.98436
48.5,5.0,2014-01-05 00:30:00,-0.46557236,1315.4861,93636.55,97230.72,99994.33,278.63916,278.53537,278.04846,271.49258,278.24414,7.3192635,5.1002817,9.760666,-1.203589,-0.8388037,-1.8850121
48.5,5.0,2014-01-05 01:30:00,15.823345,1328.9762,94687.18,97413.11,100193.305,278.271,278.1676,277.69025,270.99545,277.87158,6.786371,4.7250247,9.121435,-0.42675644,-0.2969484,-0.8075435
48.5,5.0,2014-01-05 02:30:00,30.472694,1340.8563,96803.72,97584.85,100373.234,277.6836,277.6025,277.27493,270.4731,277.33545,6.1990023,4.319906,8.158098,1.1280305,0.7861198,1.3432069
48.5,5.0,2014-01-05 03:30:00,43.690907,1352.6678,96969.02,97738.734,100536.12,277.28864,277.2488,276.9592,270.20953,277.1433,5.3637986,3.7554228,6.9851475,2.5488093,1.785424,3.119452
48.5,5.0,2014-01-05 04:30:00,47.93555,1355.4646,95952.195,97790.02,100588.85,277.0081,276.99896,276.6459,270.1386,276.9494,5.2298455,3.6759067,6.808548,3.0405936,2.137032,3.7412026
48.5,5.0,2014-01-05 05:30:00,54.92011,1361.0988,95142.016,97866.83,100675.19,276.67462,276.68527,276.25226,270.16217,276.68005,5.334017,3.7589483,6.847104,3.1738558,2.2363856,3.9105368
48.5,5.0,2014-01-05 06:30:00,60.77878,1365.6324,94298.67,97939.69,100747.03,276.336,276.36053,275.84106,270.0824,276.394,5.1261544,3.6175923,6.620283,3.1763277,2.2416463,3.9462385
48.5,5.0,2014-01-05 07:30:00,68.2572,1371.7178,94380.125,98033.84,100839.086,276.12094,276.13617,275.60468,269.8149,276.1687,4.5426598,3.2055502,5.887982,3.002338,2.1188326,3.7599006
48.5,5.0,2014-01-05 08:30:00,76.56112,1379.2173,94457.2,98131.266,100941.2,276.26373,276.29288,275.72693,269.60242,276.4215,3.642682,2.5787578,4.6946154,3.141961,2.2240372,3.9079127
48.5,5.0,2014-01-05 09:30:00,82.49913,1385.1151,94516.12,98204.1,101013.695,276.61386,276.6669,276.01987,269.41122,276.87042,3.0362024,2.1619382,3.9124079,3.1373558,2.233258,3.819764
48.5,5.0,2014-01-05 10:30:00,87.7279,1390.8162,92312.14,98268.555,101077.125,277.0951,277.1871,276.3142,269.5385,277.5064,3.0599995,2.1958523,3.9131608,2.8477004,2.0430937,3.3977208
48.5,5.0,2014-01-05 11:30:00,86.7952,1391.3181,88044.96,98260.56,101062.82,277.91644,278.13348,276.12643,270.13547,278.92468,3.1598983,2.3085272,3.9637775,2.6873348,1.9631649,3.188736
48.5,5.0,2014-01-05 12:30:00,86.774704,1393.2236,87341.266,98264.5,101059.75,278.5282,278.6444,275.39938,270.58948,278.94415,3.0727873,2.2125754,3.8793132,2.7508724,1.9802009,3.3985894
48.5,5.0,2014-01-05 13:30:00,89.751045,1397.7542,87316.91,98311.36,101093.336,278.85437,278.87335,275.251,270.94437,278.90192,2.8118672,1.9897193,3.6827073,2.8468032,2.0131032,3.671541
48.5,5.0,2014-01-05 14:30:00,91.16461,1401.095,87350.84,98335.53,101105.66,278.72668,278.55847,275.64084,271.911,278.0764,1.6151708,1.0739114,2.7314107,2.581375,1.7047164,4.3582444
48.5,5.0,2014-01-05 15:30:00,92.61019,1404.65,89171.234,98353.3,101120.28,277.43295,276.71466,275.0391,272.90015,275.56134,0.8994691,0.49027848,2.0010293,2.6906047,1.4576266,5.795778
48.5,5.0,2014-01-05 16:30:00,96.312,1410.257,93985.875,98400.484,101164.14,276.25488,275.10574,273.97162,273.52155,273.75363,0.65691566,0.34297156,1.4173086,3.331814,1.7462032,7.05431
48.5,5.0,2014-01-05 17:30:00,99.75589,1415.6958,97623.234,98437.7,101205.36,275.98575,275.0904,273.84283,274.00812,273.94028,0.33040667,0.18957484,0.71912926,3.8240504,2.2154636,8.117329
48.5,5.0,2014-01-05 18:30:00,101.81754,1419.7815,97732.34,98466.52,101229.89,276.1616,275.48712,273.92078,274.4188,274.46094,0.035629094,0.021109223,0.08032036,4.5803394,2.8841667,8.864207
48.5,5.0,2014-01-05 19:30:00,101.70149,1421.5844,97730.87,98467.82,101227.375,276.32336,275.7764,273.9308,274.68314,274.77734,-0.23634863,-0.15639734,-0.36679852,5.5908937,3.6910558,9.301266
48.5,5.0,2014-01-05 20:30:00,100.07287,1422.1737,85308.6,98451.555,101205.7,276.67224,276.21362,274.03168,275.01788,275.37683,0.049399257,0.033923864,0.4850663,6.5187373,4.4042068,10.097078
48.5,5.0,2014-01-05 21:30:00,97.277664,1421.9434,83771.56,98422.586,101167.16,277.0489,276.65024,274.33746,275.51807,275.85858,0.7729967,0.52763593,1.5417172,7.0509653,4.813429,10.344756
48.5,5.0,2014-01-05 22:30:00,94.655945,1422.0267,88489.53,98398.67,101130.19,277.40378,277.07794,274.89374,276.09335,276.4466,1.0094391,0.69363433,1.7042414,7.281949,5.0048785,10.330605
48.5,5.0,2014-01-05 23:30:00,91.52343,1421.8624,86661.41,98364.53,101089.89,277.693,277.3783,275.4166,277.0743,276.73196,0.944415,0.6497173,1.7027733,7.3837514,5.0769424,10.5117035
48.5,5.625,2014-01-05 00:30:00,-5.6530724,1312.8611,93060.55,96054.72,99932.08,278.0962,278.03146,277.6344,272.31192,277.86133,7.485279,5.187196,9.746994,-0.24783176,-0.1744055,-0.5095239
48.5,5.625,2014-01-05 01:30:00,8.292095,1323.1012,93247.18,96197.11,100101.055,277.8335,277.7848,277.40118,271.33627,277.64307,7.0754337,4.904712,9.224951,-0.84307724,-0.5847902,-1.343066
48.5,5.625,2014-01-05 02:30:00,27.691444,1339.6063,93587.72,96408.85,100338.734,277.57812,277.5322,277.1343,270.80222,277.3921,7.1052523,4.9283047,9.310442,0.1987092,0.13823166,0.024237126
48.5,5.625,2014-01-05 03:30:00,41.034657,1350.7928,94265.02,96562.734,100502.62,277.24957,277.19412,276.7639,270.39264,277.0183,6.8579392,4.7534695,8.983194,1.3325006,0.92409587,1.5886904
48.5,5.625,2014-01-05 04:30:00,49.4043,1357.7771,94624.195,96654.02,100605.85,276.928,276.872,276.42715,270.09222,276.70624,6.239611,4.322391,8.265579,2.1079764,1.4617391,2.6591713
48.5,5.625,2014-01-05 05:30:00,55.23261,1362.1613,94518.016,96722.83,100678.19,276.63947,276.59933,276.1585,269.91583,276.4828,6.087923,4.223792,7.970151,2.2651644,1.5728114,2.858779
48.5,5.625,2014-01-05 06:30:00,63.34128,1368.945,93978.67,96819.69,100778.53,276.35944,276.34686,275.8567,269.95862,276.2905,5.644709,3.9271626,7.3566113,2.5161715,1.7514119,3.2060041
48.5,5.625,2014-01-05 07:30:00,72.1322,1376.4678,93628.125,96921.84,100887.086,275.98422,275.98578,275.44843,269.93332,275.9558,4.907894,3.420394,6.4153256,2.7318301,1.9039888,3.468885
48.5,5.625,2014-01-05 08:30:00,80.65487,1383.9673,93273.2,97027.266,100992.2,275.84967,275.88077,275.2152,269.74377,275.984,4.3340883,3.033836,5.6008654,3.0316095,2.122963,3.8073268
48.5,5.625,2014-01-05 09:30:00,87.68663,1390.4901,92196.12,97108.1,101078.195,276.03574,276.12393,275.26596,269.47116,276.4095,4.0738,2.8758054,5.202447,3.085598,2.1790588,3.7826545
48.5,5.625,2014-01-05 10:30:00,92.19665,1395.2537,90632.14,97164.555,101132.625,276.45837,276.60117,275.4353,269.45453,277.05328,3.8607807,2.7500515,4.885817,2.9307082,2.0875273,3.5129552
48.5,5.625,2014-01-05 11:30:00,93.07645,1397.1931,87276.96,97180.56,101141.32,277.27582,277.50458,275.2241,269.58298,278.27234,3.8957381,2.8075507,4.8504963,2.7908504,2.0110164,3.3401031
48.5,5.625,2014-01-05 12:30:00,93.680954,1399.5361,85437.266,97192.5,101146.75,277.88367,278.0819,274.83688,269.3557,278.659,3.6186857,2.6046653,4.4681807,2.9041927,2.0900643,3.5382378
48.5,5.625,2014-01-05 13:30:00,95.813545,1403.2542,85380.91,97231.36,101169.336,278.2411,278.346,274.7432,269.27127,278.5855,3.238625,2.3056374,4.0860276,3.0225844,2.1512868,3.7799394
48.5,5.625,2014-01-05 14:30:00,98.41461,1407.47,87350.84,97271.53,101197.16,277.9884,277.83582,275.01193,269.9447,277.32248,2.1923194,1.4636819,3.5136373,2.5637968,1.702275,4.154143
48.5,5.625,2014-01-05 15:30:00,99.76644,1410.65,87139.234,97297.3,101209.28,276.66342,275.97638,274.58597,271.22827,274.94025,1.256396,0.67071366,2.7988808,2.42205,1.2879488,5.282106
48.5,5.625,2014-01-05 16:30:00,103.2495,1415.6945,88401.875,97344.484,101249.64,275.78223,274.75027,273.72162,272.34674,273.58176,1.1101933,0.5692594,2.4182851,2.9714625,1.5308712,6.388294
48.5,5.625,2014-01-05 17:30:00,107.13089,1421.2583,95223.234,97389.7,101295.86,275.37247,274.48102,273.62018,273.13507,273.3602,0.9071889,0.50192225,1.989332,3.4109645,1.8990575,7.4142036
48.5,5.625,2014-01-05 18:30:00,109.78629,1425.9065,96692.34,97418.52,101327.89,275.24362,274.52228,273.58093,273.68637,273.48633,0.658737,0.39220297,1.3802471,3.982683,2.3890495,8.2431135
48.5,5.625,2014-01-05 19:30:00,109.76399,1427.9594,96690.87,97419.82,101325.375,275.4015,274.8389,273.59875,274.09915,273.89258,0.54050684,0.34555578,0.9818038,5.0244875,3.2291417,8.906734
48.5,5.625,2014-01-05 20:30:00,108.44787,1428.7362,95612.6,97411.555,101307.7,275.37537,274.92456,273.66058,274.4417,274.0409,0.7187718,0.4774053,1.2048539,6.059753,4.0272536,9.577547
48.5,5.625,2014-01-05 21:30:00,106.590164,1428.8184,92635.56,97398.586,101282.16,275.25983,274.89633,273.81012,275.0122,274.17108,0.9173296,0.61812055,1.5298764,6.5411997,4.409132,9.77835
48.5,5.625,2014-01-05 22:30:00,103.812195,1428.5892,93209.53,97374.67,101243.19,275.46237,275.13263,274.02655,275.76328,274.4544,1.2897736,0.8743289,1.9979426,6.811246,4.61816,9.811073
48.5,5.625,2014-01-05 23:30:00,100.49218,1428.1124,88565.41,97348.53,101198.39,275.66956,275.3783,274.233,276.40244,274.83353,1.4869565,1.0124493,2.4293358,7.0067983,4.772255,9.999985
